id,date,description,currency_original,amount_original,amount_eur,account_name,category,notes
1,2025-04-01,"Naplata naknade za vođenje računa",EUR,-3.0,-3.0,,Other,
2,2025-04-01,"MOBILIT? DI MARCA SPA",EUR,-4.81,-4.81,,Travelling,
3,2025-04-01,"PORT LOTNICZY WROCLAW",EUR,-4.43,-4.43,,Travelling,
4,2025-04-01,"Relax & Caffè",EUR,-1.9,-1.9,,Travelling,
5,2025-04-01,"Naturasi Pdv Treviso",EUR,-3.05,-3.05,,Travelling,
6,2025-04-01,Kibag,EUR,-1.2,-1.2,,Travelling,
7,2025-04-01,"McDonald's",EUR,-5.5,-5.5,,Travelling,
8,2025-04-01,"Bilety Urbancard Wrocl",EUR,-2.12,-2.12,,Travelling,
9,2025-04-01,"TREVISO SS DPR",EUR,-3.8,-3.8,,Travelling,
10,2025-04-01,"Google YouTubePremium",EUR,-3.17,-3.17,,"Entertainment & Subscription",
11,2025-04-02,"SPAR Food & Fuel",EUR,-1.15,-1.15,,Groceries,
12,2025-04-02,"Transfer to Revolut user",EUR,-1.0,-1.0,,Other,
13,2025-04-02,"Restoran Kampus",EUR,-0.67,-0.67,,"Dining & Restoraunts",
14,2025-04-02,Cacao,EUR,-2.6,-2.6,,"Dining & Restoraunts",
15,2025-04-02,"Restoran Kampus",EUR,-1.2,-1.2,,"Dining & Restoraunts",
16,2025-04-03,"RESTORAN KAMPUS",EUR,-1.17,-1.17,,"Dining & Restoraunts",
17,2025-04-03,"MOIRE STUDENT SHOP",EUR,-1.47,-1.47,,Groceries,
18,2025-04-03,"Restoran Kampus",EUR,-1.2,-1.2,,"Dining & Restoraunts",
19,2025-04-03,"Govendi Time D.o.o.",EUR,-0.7,-0.7,,"Dining & Restoraunts",
20,2025-04-03,BOLT.EUR2504031305,EUR,-1.97,-1.97,,Transportation,
21,2025-04-03,"Restoran Kampus",EUR,-0.93,-0.93,,"Dining & Restoraunts",
22,2025-04-03,Apple,EUR,-2.39,-2.39,,"Entertainment & Subscription",
23,2025-04-03,BOLT.EUR2504031305,EUR,-0.22,-0.22,,Transportation,
24,2025-04-04,"Gavranović",EUR,-0.99,-0.99,,Groceries,
25,2025-04-05,"Burger King Rijeka Korzo",EUR,-2.44,-2.44,,"Dining & Restoraunts",
26,2025-04-05,"RIJEKA TRANS",EUR,-14.65,-14.65,,Transportation,
27,2025-04-05,"RESTORAN KAMPUS",EUR,-1.37,-1.37,,"Dining & Restoraunts",
28,2025-04-05,"BOLT.EUR2504031305,Tallinn,EE",EUR,-2.17,-2.17,,Transportation,
29,2025-04-05,"Cancel BOLT.EUR2504031305",EUR,2.18,2.18,,Transportation,
30,2025-04-07,"RESTORAN KAMPUS",EUR,-1.04,-1.04,,"Dining & Restoraunts",
31,2025-04-07,"Govendi time d.o.o.",EUR,-0.63,-0.63,,"Dining & Restoraunts",
32,2025-04-07,"RESTORAN KAMPUS",EUR,-1.44,-1.44,,"Dining & Restoraunts",
33,2025-04-08,"RESTORAN KAMPUS",EUR,-1.18,-1.18,,"Dining & Restoraunts",
34,2025-04-09,"Restoran Kampus",EUR,-1.8,-1.8,,"Dining & Restoraunts",
35,2025-04-09,"Restoran Kampus",EUR,-0.49,-0.49,,"Dining & Restoraunts",
36,2025-04-10,Index,EUR,-0.81,-0.81,,"Dining & Restoraunts",
37,2025-04-10,Plodine,EUR,-1.98,-1.98,,Groceries,
38,2025-04-10,Bolt,EUR,-1.39,-1.39,,Transportation,
39,2025-04-10,Bolt,EUR,-0.61,-0.61,,Transportation,
40,2025-04-10,"Restoran Kampus",EUR,-1.4,-1.4,,"Dining & Restoraunts",
41,2025-04-11,"Restoran Kampus",EUR,-0.89,-0.89,,"Dining & Restoraunts",
42,2025-04-11,"Restoran Kampus",EUR,-1.05,-1.05,,"Dining & Restoraunts",
43,2025-04-11,Apple,EUR,-6.49,-6.49,,"Entertainment & Subscription",
44,2025-04-12,"Tabacco Shop",EUR,-2.05,-2.05,,Groceries,
45,2025-04-13,"SPAR Food & Fuel",EUR,-9.5,-9.5,,Groceries,
46,2025-04-13,"UPLATA NA DEPOZITNOM BANKOMATU",EUR,80.0,80.0,,Income,
47,2025-04-13,Lidl,EUR,-4.0,-4.0,,Groceries,
48,2025-04-14,"Restoran Kampus",EUR,-1.0,-1.0,,"Dining & Restoraunts",
49,2025-04-14,"Restoran Kampus",EUR,-1.59,-1.59,,"Dining & Restoraunts",
50,2025-04-14,"Restoran Kampus",EUR,-0.93,-0.93,,"Dining & Restoraunts",
51,2025-04-14,"KEKS Pay",EUR,-2.3,-2.3,,"Dining & Restoraunts",
52,2025-04-14,"Restoran Kampus",EUR,-1.35,-1.35,,"Dining & Restoraunts",
53,2025-04-14,"Restoran Kampus",EUR,-0.19,-0.19,,"Dining & Restoraunts",
54,2025-04-15,"Restoran Kampus",EUR,-1.6,-1.6,,"Dining & Restoraunts",
55,2025-04-15,"KEKS Pay",EUR,-2.3,-2.3,,"Dining & Restoraunts",
56,2025-04-16,"Restoran Kampus",EUR,-1.18,-1.18,,"Dining & Restoraunts",
57,2025-04-16,"Pekara Krimeja d.o.o.",EUR,-3.01,-3.01,,"Dining & Restoraunts",
58,2025-04-16,"PAYPAL *UDEMY",EUR,-10.52,-10.52,,"Education & Studying",
59,2025-04-16,"Restoran Kampus",EUR,-0.59,-0.59,,"Dining & Restoraunts",
60,2025-04-16,"Restoran Kampus",EUR,-0.49,-0.49,,"Dining & Restoraunts",
61,2025-04-16,Studenac,EUR,-2.4,-2.4,,Groceries,
62,2025-04-16,"SPAR Food & Fuel",EUR,-2.04,-2.04,,Groceries,
63,2025-04-17,"PLODINE SUPERMARKET",EUR,-1.89,-1.89,,Groceries,
64,2025-04-17,"Restoran Kampus",EUR,-0.94,-0.94,,"Dining & Restoraunts",
65,2025-04-18,Index,EUR,-1.47,-1.47,,"Dining & Restoraunts",
66,2025-04-18,Studenac,EUR,-1.17,-1.17,,Groceries,
67,2025-04-19,"Микола Р.",EUR,-17.45,-17.45,,Travelling,
68,2025-04-19,"SPAR Food & Fuel",EUR,-3.13,-3.13,,Groceries,
69,2025-04-19,"SPAR Food & Fuel",EUR,-3.0,-3.0,,Groceries,
70,2025-04-19,Plodine,EUR,-2.19,-2.19,,Groceries,
71,2025-04-19,"462765XXXXXX9899, MIX MARKT DI KARAVAIE.. MONFALCONE",EUR,-19.99,-19.99,,Travelling,
72,2025-04-20,"Parkirisce P2",EUR,-2.7,-2.7,,Travelling,
73,2025-04-20,"Fistin D.o.o.",EUR,-1.6,-1.6,,Travelling,
74,2025-04-20,"Fistin D.o.o.",EUR,-1.6,-1.6,,Travelling,
75,2025-04-22,"RESTORAN KAMPUS",EUR,-1.38,-1.38,,"Dining & Restoraunts",
76,2025-04-22,"Dante Bar",EUR,-3.2,-3.2,,"Dining & Restoraunts",
77,2025-04-22,Index,EUR,-1.18,-1.18,,"Dining & Restoraunts",
78,2025-04-22,"Restoran Kampus",EUR,-0.19,-0.19,,"Dining & Restoraunts",
79,2025-04-23,"Caffe Bar Formula",EUR,-1.35,-1.35,,"Dining & Restoraunts",
80,2025-04-23,"Restoran Kampus",EUR,-1.51,-1.51,,"Dining & Restoraunts",
81,2025-04-23,"Restoran Kampus",EUR,-1.05,-1.05,,"Dining & Restoraunts",
82,2025-04-24,"Restoran Kampus",EUR,-0.98,-0.98,,"Dining & Restoraunts",
83,2025-04-24,Plodine,EUR,-2.31,-2.31,,Groceries,
84,2025-04-24,"Restoran Kampus",EUR,-1.17,-1.17,,"Dining & Restoraunts",
85,2025-04-24,"Dante Bar",EUR,-2.0,-2.0,,"Dining & Restoraunts",
86,2025-04-26,"Transfer to Revolut user",EUR,-2.0,-2.0,,Other,
87,2025-04-26,"UPLATA NA DEPOZITNOM BANKOMATU",EUR,170.0,170.0,,Income,"€65 tips, €50 salary, €50 owed"
88,2025-04-28,"Proxywing Invoice 497",EUR,-2.41,-2.41,,Other,
89,2025-04-28,"Transfer to Revolut user",EUR,-10.0,-10.0,,Other,
90,2025-04-28,"Caffe Bar Formula",EUR,-2.55,-2.55,,"Dining & Restoraunts",
91,2025-04-28,"Restoran Mini",EUR,-0.69,-0.69,,"Dining & Restoraunts",
92,2025-04-28,"Restoran Kampus",EUR,-1.28,-1.28,,"Dining & Restoraunts",
93,2025-04-28,"Caffe Bar Formula",EUR,-1.35,-1.35,,"Dining & Restoraunts",
94,2025-04-29,"Design hotel i restoran Navis",EUR,-4.25,-4.25,,"Dining & Restoraunts",
95,2025-04-29,"Gavranović",EUR,-2.58,-2.58,,Groceries,
96,2025-04-29,"Restoran Kampus",EUR,-1.24,-1.24,,"Dining & Restoraunts",
97,2025-04-29,"Petrol Pm Rijeka Vez",EUR,-5.04,-5.04,,Transportation,
98,2025-04-29,"Tower Center Rijeka",EUR,-7.89,-7.89,,"Education & Studying",
99,2025-04-30,"Restoran Kampus",EUR,-1.07,-1.07,,"Dining & Restoraunts",
100,2025-07-31,"SPAR Food & Fuel",EUR,-0.95,-0.95,,Groceries,
101,2025-07-31,"SPAR Food & Fuel",EUR,-3.13,-3.13,,Groceries,
102,2025-08-01,Petrol,EUR,-30.04,-30.04,,Transportation,
103,2025-08-01,AliExpress,EUR,-0.95,-0.95,,Shopping,
104,2025-08-01,"SPAR Food & Fuel",EUR,-0.54,-0.54,,Groceries,
105,2025-08-02,"SPAR Food & Fuel",EUR,-1.71,-1.71,,Groceries,
106,2025-08-04,"U17357273 Dmytro Semeniuk",EUR,-50.0,-50.0,,Investments,
107,2025-08-04,"Transfer from ARTUR NASIROV",EUR,300.0,300.0,,Income,
108,2025-08-04,Chatgpt,EUR,-18.4,-18.4,,"Entertainment & Subscriptions",
109,2025-08-05,"GOOGLE *YouTubePremium",EUR,-3.06,-3.06,,"Entertainment & Subscriptions",
110,2025-08-06,"SPAR Food & Fuel",EUR,-0.95,-0.95,,Groceries,
111,2025-08-06,INA,EUR,-21.6,-21.6,,Transportation,
112,2025-08-07,"SPAR Food & Fuel",EUR,-1.56,-1.56,,Groceries,
113,2025-08-07,"KEKS Pay",EUR,-2.3,-2.3,,Coffee,
114,2025-08-08,"SPAR Food & Fuel",EUR,-1.68,-1.68,,Groceries,
115,2025-08-10,AliExpress,EUR,-20.94,-20.94,,Shopping,
116,2025-08-10,"UPLATA NA DEPOZITNOM BANKOMATU",EUR,250.0,250.0,,Income,
117,2025-08-10,Plodine,EUR,-8.58,-8.58,,Groceries,
118,2025-08-11,Apple,EUR,-6.49,-6.49,,"Entertainment & Subscriptions",
119,2025-08-11,Mlinar,EUR,-3.36,-3.36,,"Dining & Restaurants",
120,2025-08-11,"SPAR Food & Fuel",EUR,-1.45,-1.45,,Groceries,
121,2025-08-14,"Transfer from ARTUR NASIROV",EUR,500.0,500.0,,Income,
122,2025-08-16,"SPAR Food & Fuel",EUR,-1.98,-1.98,,Groceries,
123,2025-08-16,Petrol,EUR,-30.05,-30.05,,Transportation,
124,2025-08-16,"SPAR Food & Fuel",EUR,-2.04,-2.04,,Groceries,
125,2025-08-17,"Tommy Hilfiger",EUR,-31.6,-31.6,,Shopping,
126,2025-08-17,"SPAR Food & Fuel",EUR,-2.14,-2.14,,Groceries,
127,2025-08-17,"SPAR Food & Fuel",EUR,-2.23,-2.23,,Groceries,
128,2025-08-18,Bmove,EUR,-0.6,-0.6,,Transportation,
129,2025-08-18,"KEKS Pay - Plaćanje na prodajnom mjestu DPD Croatia - 236755552",EUR,-5.64,-5.64,,Other,
130,2025-08-18,"iRealOne j. d. o. o., Otkup od fizičke osobe",EUR,460.0,460.0,,Income,
131,2025-08-18,"SPAR Food & Fuel",EUR,-0.75,-0.75,,Groceries,
132,2025-08-18,"Parkiralište",EUR,-0.8,-0.8,,Transportation,
133,2025-08-18,"Pizza Hut",EUR,-16.6,-16.6,,"Dining & Restaurants",
134,2025-08-18,AliExpress,EUR,-8.46,-8.46,,Shopping,
135,2025-08-19,"SPAR Food & Fuel",EUR,-1.29,-1.29,,Groceries,
136,2025-08-19,"SPAR Food & Fuel",EUR,-2.38,-2.38,,Groceries,
137,2025-08-20,"462765XXXXXX9899, PETROL PM RIJEKA, VEZICA RIJEKA",EUR,-50.05,-50.05,,Transportation,
138,2025-08-20,Mlinar,EUR,-4.2,-4.2,,"Dining & Restaurants",
139,2025-08-21,"Transfer to ARTUR NASIROV",EUR,-10.0,-10.0,,Other,
140,2025-08-21,"UROŠEVIĆ IGOR, Pozajmnica",EUR,364.0,364.0,,Income,
141,2025-08-23,Mlinar,EUR,-1.9,-1.9,,"Dining & Restaurants",
142,2025-08-23,"Pekara Jadran",EUR,-1.0,-1.0,,"Dining & Restaurants",
143,2025-08-23,"SPAR Food & Fuel",EUR,-1.76,-1.76,,Groceries,
144,2025-08-24,Plodine,EUR,-4.18,-4.18,,Groceries,
145,2025-08-25,"SPAR Food & Fuel",EUR,-1.72,-1.72,,Groceries,
146,2025-08-25,"Transfer from ARTUR NASIROV",EUR,100.0,100.0,,Income,
147,2025-08-25,INA,EUR,-30.27,-30.27,,Transportation,
148,2025-08-25,Plodine,EUR,-2.01,-2.01,,Groceries,
149,2025-08-26,"Parkiralište",EUR,-2.4,-2.4,,Transportation,
150,2025-08-26,"SPAR Food & Fuel",EUR,-1.19,-1.19,,Groceries,
151,2025-08-26,"Tower Center Rijeka",EUR,-2.9,-2.9,,Other,
152,2025-08-26,Vierudgroup,EUR,-2.25,-2.25,,Other,
153,2025-08-27,"KEKS Pay",EUR,-6.7,-6.7,,Coffee,
154,2025-08-27,"SPAR Food & Fuel",EUR,-0.85,-0.85,,Groceries,
155,2025-08-27,"Pekara Jadran",EUR,-1.0,-1.0,,"Dining & Restaurants",
156,2025-08-28,"SPAR Food & Fuel",EUR,-2.06,-2.06,,Groceries,
157,2025-08-28,Mlinar,EUR,-1.52,-1.52,,"Dining & Restaurants",
158,2025-08-28,Bmove,EUR,-3.0,-3.0,,Transportation,
159,2025-08-29,"Transfer to ARTUR NASIROV",EUR,-15.0,-15.0,,Other,
160,2025-08-31,Plodine,EUR,-2.01,-2.01,,Groceries,
161,2025-08-31,Lidl,EUR,-13.66,-13.66,,Groceries,
162,2025-08-08,"Дав сестрі",EUR,-5.0,-5.0,,Other,
163,2025-08-08,"Кофе",EUR,-3.0,-3.0,,Coffee,
164,2025-08-15,"Стрижка",EUR,-10.0,-10.0,,Other,
165,2025-08-18,"Кофе Боннавія",EUR,-2.7,-2.7,,Coffee,
166,2025-08-20,"мама дала на бенз",EUR,30.0,30.0,,Transportation,
167,2025-08-24,"Кофе Боннавія",EUR,-3.0,-3.0,,Coffee,
168,2025-08-26,"Більярд і кофе",EUR,-15.0,-15.0,,"Entertainment & Subscriptions",
169,2025-08-27,"Кофе Боннавія",EUR,-3.0,-3.0,,Coffee,
170,2025-08-29,"Кофе з мамою і Аріною",EUR,-6.0,-6.0,,Coffee,
171,2025-02-28,"Naplata naknade za vođenje računa",EUR,-3.0,-3.0,erste,Other,
172,2025-02-24,"462765XXXXXX9899, FITNESS.COM.HR WEB Zagreb",EUR,-77.9,-77.9,erste,Shopping,
173,2025-02-22,"462765XXXXXX9899, RESTORAN KAMPUS RIJEKA",EUR,-1.31,-1.31,erste,"Dining & Restoraunts",
174,2025-02-20,"462765XXXXXX9899, GAVRANOVIC P-209 HRELJIN",EUR,-7.1,-7.1,erste,Groceries,
175,2025-02-20,"462765XXXXXX9899, PETROL BP RIJEKA",EUR,-14.99,-14.99,erste,Transportation,
176,2025-02-19,"UPLATA NA DEPOZITNOM BANKOMATU",EUR,20.0,20.0,erste,Income,
177,2025-02-18,"462765XXXXXX9899, INTERSPAR8721 RIJEKA",EUR,-2.48,-2.48,erste,Groceries,
178,2025-02-18,"462765XXXXXX9899, INTERSPAR8721 RIJEKA",EUR,-10.79,-10.79,erste,Groceries,
179,2025-02-18,"UPLATA NA DEPOZITNOM BANKOMATU",EUR,115.0,115.0,erste,Income,
180,2025-02-17,"462765XXXXXX9899, PETROL BP RIJEKA",EUR,-9.98,-9.98,erste,Transportation,
181,2025-02-17,U17357273,EUR,-40.0,-40.0,erste,Investments,"investments, ibrk"
182,2025-02-16,"462765XXXXXX9899, MUELLER RIJEKA 4985 RIJEKA",EUR,-41.99,-41.99,erste,Shopping,"lego gift for arina"
183,2025-02-15,"UPLATA NA DEPOZITNOM BANKOMATU",EUR,100.0,100.0,erste,Income,
184,2025-02-14,"UPLATA NA DEPOZITNOM BANKOMATU",EUR,70.0,70.0,erste,Income,
185,2025-02-11,"462765XXXXXX9899, SHOETIQUE Rijeka Rijeka",EUR,-62.47,-62.47,erste,Shopping,"cruyff shoes"
186,2025-02-03,U17357273,EUR,-30.0,-30.0,erste,Investments,"investments, ibkr"
187,2025-02-03,"moving out savings",EUR,-20.0,-20.0,erste,Other,savings
188,2025-02-20,"PLODINE SUPERMARKET",EUR,-0.92,-0.92,monobank,Groceries,
189,2025-02-20,"RESTORAN KAMPUS",EUR,-0.3,-0.3,monobank,"Dining & Restoraunts",
190,2025-02-13,"GAVRANOVIC P-209",EUR,-3.58,-3.58,monobank,Groceries,
191,2025-02-12,INTERSPAR8729,EUR,-4.37,-4.37,monobank,Groceries,
192,2025-02-01,"Google YouTubePremium",EUR,-3.5,-3.5,monobank,"Entertainment & Subscription",
193,2025-01-31,Netflix,EUR,-7.99,-7.99,revolut,"Entertainment & Subscription",
194,2025-02-02,"Transfer to Revolut user",EUR,-6.0,-6.0,revolut,Other,
195,2025-02-02,"Transfer to Revolut user",EUR,-3.0,-3.0,revolut,Other,
196,2025-02-01,"Carraca Pub",EUR,-5.15,-5.15,revolut,"Dining & Restoraunts",
197,2025-02-03,"Restoran Kampus",EUR,-0.94,-0.94,revolut,"Dining & Restoraunts",
198,2025-02-04,"Transfer to Revolut user",EUR,-5.0,-5.0,revolut,Other,
199,2025-02-04,"Transfer to Revolut user",EUR,-2.0,-2.0,revolut,Other,
200,2025-02-05,"KEKS Pay",EUR,-2.3,-2.3,revolut,"Dining & Restoraunts",
201,2025-02-05,"Müller",EUR,-6.34,-6.34,revolut,Shopping,
202,2025-02-06,"Dante Bar",EUR,-2.0,-2.0,revolut,"Dining & Restoraunts",
203,2025-02-05,INTERSPAR,EUR,-2.65,-2.65,revolut,Groceries,
204,2025-02-05,"McDonald's",EUR,-15.7,-15.7,revolut,"Dining & Restoraunts",
205,2025-02-06,Mlinar,EUR,-3.0,-3.0,revolut,"Dining & Restoraunts",
206,2025-02-07,"KEKS Pay",EUR,-2.3,-2.3,revolut,"Dining & Restoraunts",
207,2025-02-07,"Rijeka Trans",EUR,-10.01,-10.01,revolut,Transportation,
208,2025-02-07,"Müller",EUR,-9.49,-9.49,revolut,Shopping,
209,2025-02-07,"Müller",EUR,-1.05,-1.05,revolut,Shopping,
210,2025-02-07,"Restoran Kampus",EUR,-1.4,-1.4,revolut,"Dining & Restoraunts",
211,2025-02-08,Wolt,EUR,-8.2,-8.2,revolut,"Dining & Restoraunts",
212,2025-02-08,"SPAR Food & Fuel",EUR,-2.38,-2.38,revolut,"Dining & Restoraunts",
213,2025-02-10,"Pekara Krimeja D.o.o.",EUR,-1.3,-1.3,revolut,"Dining & Restoraunts",
214,2025-02-10,Bolt,EUR,-1.12,-1.12,revolut,Transportation,
215,2025-02-11,Apple,EUR,-6.49,-6.49,revolut,"Entertainment & Subscription",
216,2025-02-12,"KEKS Pay",EUR,-2.3,-2.3,revolut,"Dining & Restoraunts",
217,2025-02-10,"SPAR Food & Fuel",EUR,-0.33,-0.33,revolut,Groceries,
218,2025-02-13,"Restoran Kampus",EUR,-0.65,-0.65,revolut,"Dining & Restoraunts",
219,2025-02-13,"Restoran Kampus",EUR,-1.0,-1.0,revolut,"Dining & Restoraunts",
220,2025-02-14,"KEKS Pay",EUR,-2.6,-2.6,revolut,"Dining & Restoraunts",
221,2025-02-14,"Restoran Kampus",EUR,-1.49,-1.49,revolut,"Dining & Restoraunts",
222,2025-02-15,Wolt,EUR,-7.5,-7.5,revolut,"Dining & Restoraunts",
223,2025-02-17,"KEKS Pay",EUR,-2.3,-2.3,revolut,"Dining & Restoraunts",
224,2025-02-17,AliExpress,EUR,-15.74,-15.74,revolut,Shopping,case
225,2025-02-17,Mlinar,EUR,-3.0,-3.0,revolut,"Dining & Restoraunts",
226,2025-02-18,"Tabacco Shop",EUR,-2.55,-2.55,revolut,Groceries,
227,2025-02-19,Elevenlabs,EUR,-6.03,-6.03,revolut,"Entertainment & Subscription",
228,2025-02-19,"dm drogerie",EUR,-1.75,-1.75,revolut,Shopping,
229,2025-02-19,"Restoran Kampus",EUR,-1.4,-1.4,revolut,"Dining & Restoraunts",
230,2025-02-19,Index,EUR,-0.96,-0.96,revolut,"Dining & Restoraunts",
231,2025-02-20,"KEKS Pay",EUR,-2.3,-2.3,revolut,"Dining & Restoraunts",
232,2025-02-20,"McDonald's",EUR,-3.6,-3.6,revolut,"Dining & Restoraunts",
233,2025-02-20,"Restoran Kampus",EUR,-1.74,-1.74,revolut,"Dining & Restoraunts",
234,2025-02-20,"Restoran Kampus",EUR,-2.22,-2.22,revolut,"Dining & Restoraunts",
235,2025-02-22,"Restoran Kampus",EUR,-0.83,-0.83,revolut,"Dining & Restoraunts",
236,2025-02-22,"Restoran Kampus",EUR,-0.3,-0.3,revolut,"Dining & Restoraunts",
237,2025-02-23,Wolt,EUR,-9.75,-9.75,revolut,"Dining & Restoraunts",
238,2025-02-23,Petrol,EUR,-10.07,-10.07,revolut,Transportation,
239,2025-02-24,"Restoran Kampus",EUR,-0.48,-0.48,revolut,"Dining & Restoraunts",
240,2025-02-24,"Restoran Kampus",EUR,-1.07,-1.07,revolut,"Dining & Restoraunts",
241,2025-02-24,"Restoran Kampus",EUR,-0.3,-0.3,revolut,"Dining & Restoraunts",
242,2025-02-25,Bmove,EUR,-3.2,-3.2,revolut,Transportation,
243,2025-02-25,Apple,EUR,-2.49,-2.49,revolut,Other,
244,2025-02-25,"Restoran Kampus",EUR,-1.05,-1.05,revolut,"Dining & Restoraunts",
245,2025-02-25,"Burger King",EUR,-10.9,-10.9,revolut,"Dining & Restoraunts",
246,2025-02-25,Bmove,EUR,-3.2,-3.2,revolut,Transportation,
247,2025-02-26,"Restoran Kampus",EUR,-1.52,-1.52,revolut,"Dining & Restoraunts",
248,2025-02-27,"Gavranović",EUR,-4.91,-4.91,revolut,Groceries,
249,2025-01-31,"Naplata naknade za vođenje računa",EUR,-3.0,-3.0,erste,Other,
250,2025-01-29,"462765XXXXXX9899, PBZTINA KOSTRENA",EUR,-10.01,-10.01,erste,Transportation,
251,2025-01-29,"UPLATA NA DEPOZITNOM BANKOMATU",EUR,110.0,110.0,erste,Income,
252,2025-01-26,"462765XXXXXX9899, PBZTINTERSPAR8729 KUKULJANOVO",EUR,-5.24,-5.24,erste,Groceries,
253,2025-01-22,"462765XXXXXX9899, PBZTMCDNSK KUKULJANOVO",EUR,-9.3,-9.3,erste,"Dining & Restoraunts",
254,2025-01-21,"UPLATA NA DEPOZITNOM BANKOMATU",EUR,125.0,125.0,erste,Income,
255,2025-01-01,"Naplata naknade za vođenje računa",EUR,-1.12,-1.12,erste,Other,
256,2025-01-17,"CARRACA PUB",EUR,-5.85,-5.85,monobank,"Dining & Restoraunts",
257,2025-01-17,Adobe,EUR,-9.59,-9.59,monobank,"Entertainment & Subscription",
258,2025-01-17,"RESTORAN KAMPUS",EUR,-2.14,-2.14,monobank,"Dining & Restoraunts",
259,2025-10-01,PBZTMCDONALDS,EUR,-2.2,-2.2,monobank,"Dining & Restoraunts",
260,2025-10-01,"RESTORAN KAMPUS",EUR,-0.79,-0.79,monobank,"Dining & Restoraunts",
261,2025-09-01,"RESTORAN KAMPUS",EUR,-1.16,-1.16,monobank,"Dining & Restoraunts",
262,2025-08-01,PBZTINTERSPAR8721,EUR,-3.68,-3.68,monobank,Groceries,
263,2025-08-01,"RESTORAN KAMPUS",EUR,-0.79,-0.79,monobank,"Dining & Restoraunts",
264,2025-07-01,"RESTORAN KAMPUS",EUR,-0.84,-0.84,monobank,"Dining & Restoraunts",
265,2025-01-01,"GOOGLE *YouTubePremium",EUR,-3.5,-3.5,monobank,"Entertainment & Subscription",
266,2025-02-01,Apple,EUR,-3.49,-3.49,revolut,"Entertainment & Subscription",
267,2025-05-01,Amazon,EUR,-15.72,-15.72,revolut,"Education & Studying",
268,2025-08-01,"Restoran Kampus",EUR,-0.5,-0.5,revolut,"Dining & Restoraunts",
269,2025-01-13,Apple,EUR,-6.49,-6.49,revolut,"Entertainment & Subscription",
270,2025-01-13,Plodine,EUR,-1.34,-1.34,revolut,Groceries,
271,2025-01-13,Plodine,EUR,-1.22,-1.22,revolut,Groceries,
272,2025-01-14,"Ac Pm Desinec Sjever",EUR,-0.5,-0.5,revolut,Other,
273,2025-01-15,"Restoran Kampus",EUR,-0.3,-0.3,revolut,"Dining & Restoraunts",
274,2025-01-15,"Restoran Kampus",EUR,-1.28,-1.28,revolut,"Dining & Restoraunts",
275,2025-01-16,Amazon,EUR,-10.98,-10.98,revolut,"Education & Studying",
276,2025-01-16,"Restoran Kampus",EUR,-0.99,-0.99,revolut,"Dining & Restoraunts",
277,2025-01-16,"Restoran Kampus",EUR,-0.73,-0.73,revolut,"Dining & Restoraunts",
278,2025-01-16,Studenac,EUR,-0.82,-0.82,revolut,Groceries,
279,2025-01-20,"KEKS Pay",EUR,-2.3,-2.3,revolut,"Dining & Restoraunts",
280,2025-01-21,"Exchanged to EUR",EUR,0.13,0.13,revolut,Other,
281,2025-01-22,"Dante Bar",EUR,-2.0,-2.0,revolut,"Dining & Restoraunts",
282,2025-01-22,"Restoran Kampus",EUR,-1.4,-1.4,revolut,"Dining & Restoraunts",
283,2025-01-23,"KEKS Pay",EUR,-2.3,-2.3,revolut,"Dining & Restoraunts",
284,2025-01-22,Spar,EUR,-0.65,-0.65,revolut,Groceries,
285,2025-01-24,Amazon,EUR,-1.19,-1.19,revolut,"Education & Studying",
286,2025-01-24,"Restoran Kampus",EUR,-1.05,-1.05,revolut,"Dining & Restoraunts",
287,2025-01-24,Plodine,EUR,-4.11,-4.11,revolut,Groceries,
288,2025-01-27,"Gavranović",EUR,-0.8,-0.8,revolut,Groceries,
289,2025-01-27,"Restoran Kampus",EUR,-1.82,-1.82,revolut,"Dining & Restoraunts",
290,2025-01-29,"Restoran Kampus",EUR,-1.33,-1.33,revolut,"Dining & Restoraunts",
291,2025-07-01,"Naplata naknade za vođenje računa",EUR,-3.0,-3.0,,Other,
292,2025-07-01,414960****0874,EUR,-33.8,-33.8,,Other,"Заплатив за завдання з предмету UPI"
293,2025-07-01,"Gavranović",EUR,-1.39,-1.39,,Groceries,
294,2025-07-01,Mlinar,EUR,-2.4,-2.4,,"Dining & Restaurants",
295,2025-07-01,"Restoran Kampus",EUR,-1.51,-1.51,,"Dining & Restaurants",
296,2025-07-01,"Prijenos sa HR8224020063211614523, Ništa",EUR,15.0,15.0,,Other,
297,2025-07-01,"Restoran Kampus",EUR,-1.44,-1.44,,"Dining & Restaurants",
298,2025-07-01,"Restoran Kampus",EUR,-0.94,-0.94,,"Dining & Restaurants",
299,2025-07-02,"Restoran Kampus",EUR,-1.42,-1.42,,"Dining & Restaurants",
300,2025-07-02,Bolt,EUR,-1.89,-1.89,,Transportation,
301,2025-07-02,"462765XXXXXX9899, MUELLER RIJEKA 4985 RIJEKA",EUR,-8.49,-8.49,,Shopping,
302,2025-07-02,Plodine,EUR,-1.27,-1.27,,Groceries,
303,2025-07-02,"462765XXXXXX9899, PETROL PM RIJEKA, MLAKA RIJEKA",EUR,-15.23,-15.23,,Transportation,
304,2025-07-02,"MLINAR PEKARSKA INDUST",EUR,-4.24,-4.24,,"Dining & Restaurants",
305,2025-07-03,"SPAR Food & Fuel",EUR,-5.12,-5.12,,Groceries,
306,2025-07-03,"Parkiralište",EUR,-0.8,-0.8,,Transportation,
307,2025-07-03,"KEKS Pay",EUR,-2.3,-2.3,,Coffee,
308,2025-07-03,"Restoran Kampus",EUR,-1.05,-1.05,,"Dining & Restaurants",
309,2025-07-04,"462765XXXXXX9899, RIJEKA TRANS KUKULJANOVO",EUR,-15.02,-15.02,,Transportation,
310,2025-07-04,Debit,EUR,-2.03,-2.03,,Other,Donation
311,2025-07-04,"Restoran Kampus",EUR,-1.83,-1.83,,"Dining & Restaurants",
312,2025-07-04,"462765XXXXXX9899, INA BP RIJEKA",EUR,-16.7,-16.7,,Transportation,
313,2025-07-04,"Gavranović",EUR,-1.69,-1.69,,Groceries,
314,2025-07-04,"Restoran Kampus",EUR,-0.08,-0.08,,"Dining & Restaurants",
315,2025-07-04,"Restoran Kampus",EUR,-2.5,-2.5,,"Dining & Restaurants",
316,2025-07-05,"SPAR Food & Fuel",EUR,-1.19,-1.19,,Groceries,
317,2025-07-05,"462765XXXXXX9899, PETROL PM RIJEKA, VEZICA RIJEKA",EUR,-30.0,-30.0,,Transportation,
318,2025-07-05,"GOOGLE *YouTubePremium",EUR,-3.03,-3.03,,"Entertainment & Subscriptions",
319,2025-07-06,"UPLATA NA DEPOZITNOM BANKOMATU",EUR,140.0,140.0,,Income,
320,2025-07-07,"Restoran Kampus",EUR,-1.47,-1.47,,"Dining & Restaurants",
321,2025-07-07,"Restoran Kampus",EUR,-0.5,-0.5,,"Dining & Restaurants",
322,2025-07-07,"Restoran Kampus",EUR,-1.95,-1.95,,"Dining & Restaurants",
323,2025-07-08,"Restoran Kampus",EUR,-1.21,-1.21,,"Dining & Restaurants",
324,2025-07-08,"KEKS Pay",EUR,-2.3,-2.3,,Coffee,
325,2025-07-08,Amazon,EUR,-4.29,-4.29,,"Education & Studying",Book
326,2025-07-08,"Transfer to Revolut user",EUR,-10.0,-10.0,,Other,
327,2025-07-08,"Restoran Kampus",EUR,-1.51,-1.51,,"Dining & Restaurants",
328,2025-07-08,"Restoran Kampus",EUR,-0.5,-0.5,,"Dining & Restaurants",
329,2025-07-08,"SPAR Food & Fuel",EUR,-6.03,-6.03,,Groceries,
330,2025-07-09,"SPAR Food & Fuel",EUR,-2.01,-2.01,,Groceries,
331,2025-07-09,"Restoran Kampus",EUR,-1.07,-1.07,,"Dining & Restaurants",
332,2025-07-09,Plodine,EUR,-2.47,-2.47,,Groceries,
333,2025-07-09,"SPAR Food & Fuel",EUR,-1.69,-1.69,,Groceries,
334,2025-07-09,"Restoran Kampus",EUR,-0.96,-0.96,,"Dining & Restaurants",
335,2025-07-10,Bolt,EUR,-0.39,-0.39,,Transportation,
336,2025-07-10,"462765XXXXXX9899, Reserved Rijeka",EUR,-9.34,-9.34,,Shopping,
337,2025-07-10,"Restoran Kampus",EUR,-1.07,-1.07,,"Dining & Restaurants",
338,2025-07-10,Bolt,EUR,-1.61,-1.61,,Transportation,
339,2025-07-11,"Restoran Kampus",EUR,-0.79,-0.79,,"Dining & Restaurants",
340,2025-07-11,"Rijeka Trans",EUR,-20.04,-20.04,,Transportation,
341,2025-07-11,Apple,EUR,-6.49,-6.49,,"Entertainment & Subscriptions",
342,2025-07-11,"Restoran Kampus",EUR,-1.28,-1.28,,"Dining & Restaurants",
343,2025-07-13,"UPLATA NA DEPOZITNOM BANKOMATU",EUR,330.0,330.0,,Income,
344,2025-07-14,Bmove,EUR,-3.0,-3.0,,Transportation,
345,2025-07-14,Brodokomerc016,EUR,-2.15,-2.15,,Groceries,
346,2025-07-15,"Restoran Kampus",EUR,-1.67,-1.67,,"Dining & Restaurants",
347,2025-07-17,"Tabacco Shop",EUR,-1.95,-1.95,,Groceries,
348,2025-07-17,"KEKS Pay",EUR,-2.3,-2.3,,Coffee,
349,2025-07-17,Mlinar,EUR,-4.2,-4.2,,"Dining & Restaurants",
350,2025-07-18,"UPLATA NA DEPOZITNOM BANKOMATU",EUR,100.0,100.0,,Income,
351,2025-07-18,"U17357273 Dmytro Semeniuk",EUR,-50.0,-50.0,,Investments,
352,2025-07-19,"Gavranović",EUR,-1.69,-1.69,,Groceries,
353,2025-07-19,"SPAR Food & Fuel",EUR,-1.02,-1.02,,Groceries,
354,2025-07-20,"iRealOne j. d. o. o., Otkup",EUR,255.0,255.0,,Income,"мама получила зп а я їй відав налом"
355,2025-07-20,"462765XXXXXX9899, PETROL PM RIJEKA, VEZICA RIJEKA",EUR,-50.1,-50.1,,Transportation,
356,2025-07-20,"Transfer to Revolut user",EUR,-10.0,-10.0,,Other,
357,2025-07-21,Cacao,EUR,-10.1,-10.1,,"Dining & Restaurants",
358,2025-07-21,"SPAR Food & Fuel",EUR,-1.18,-1.18,,Groceries,
359,2025-07-21,INA,EUR,-4.29,-4.29,,Groceries,
360,2025-07-21,"Gavranović",EUR,-1.59,-1.59,,Groceries,
361,2025-07-22,"iRealOne j. d. o. o., Otkup",EUR,200.0,200.0,,Income,"мама получила зп а я віддав налом"
362,2025-07-24,"KEKS Pay",EUR,-2.3,-2.3,,Coffee,
363,2025-07-24,"McDonald's",EUR,-8.3,-8.3,,"Dining & Restaurants",
364,2025-07-25,"Pekara Jadran",EUR,-1.0,-1.0,,"Dining & Restaurants",
365,2025-07-26,"SPAR Food & Fuel",EUR,-9.88,-9.88,,Groceries,
366,2025-07-26,"KEKS Pay",EUR,-2.3,-2.3,,Coffee,
367,2025-07-26,"SPAR Food & Fuel",EUR,-1.95,-1.95,,Groceries,
368,2025-07-26,"PAYPAL *VIERUDGROUP",EUR,-2.22,-2.22,,Investments,
369,2025-07-26,"462765XXXXXX9899, PETROL PM RIJEKA, VEZICA RIJEKA",EUR,-20.02,-20.02,,Transportation,
370,2025-07-27,"UPLATA NA DEPOZITNOM BANKOMATU",EUR,320.0,320.0,,Income,
371,2025-07-27,"iRealOne j. d. o. o., Otkup",EUR,212.0,212.0,,Income,
372,2025-07-28,"462765XXXXXX9899, RIJEKA TRANS KUKULJANOVO",EUR,-15.0,-15.0,,Transportation,
373,2025-07-28,INA,EUR,-4.48,-4.48,,Groceries,
374,2025-07-28,"MLINAR PEKARSKA INDUST",EUR,-4.22,-4.22,,"Dining & Restaurants",
375,2025-07-28,Mlinar,EUR,-1.9,-1.9,,"Dining & Restaurants",
376,2025-07-28,INTERSPAR8721,EUR,-6.17,-6.17,,Groceries,
377,2025-07-29,"Transfer to Revolut user",EUR,-10.0,-10.0,,Other,
378,2025-07-29,"462765XXXXXX9899, RIJEKA TRANS KUKULJANOVO",EUR,-30.0,-30.0,,Transportation,
379,2025-07-29,Mlinar,EUR,-1.9,-1.9,,"Dining & Restaurants",
380,2025-07-30,"Transfer to Revolut user",EUR,-5.0,-5.0,,Other,
381,2025-07-31,"SPAR Food & Fuel",EUR,-0.95,-0.95,,Groceries,
382,2025-07-31,"SPAR Food & Fuel",EUR,-3.13,-3.13,,Groceries,
383,2025-07-31,"Naplata naknade za vođenje računa",EUR,-3.0,-3.0,,Other,
384,2025-07-01,"Мама дала на бенз",EUR,10.0,10.0,,Transportation,
385,2025-07-02,"Кофе боннавія",EUR,-3.0,-3.0,,Coffee,
386,2025-07-03,"Стрижка",EUR,-10.0,-10.0,,Other,
387,2025-07-03,"Більярд і Дартс",EUR,-5.0,-5.0,,"Entertainment & Subscriptions",
388,2025-07-04,"Мама дала на бенз",EUR,20.0,20.0,,Transportation,
389,2025-07-09,"Боулінг І Більярд",EUR,-15.0,-15.0,,"Entertainment & Subscriptions",
390,2025-07-13,"Дав Аріні",EUR,-10.0,-10.0,,Other,
391,2025-07-16,"Кофе з дідом і бабульою",EUR,-7.0,-7.0,,"Dining & Restaurants",
392,2025-07-19,"Мама дала на бенз",EUR,25.0,25.0,,Transportation,
393,2025-07-20,"Кинув аріні 10 євро на револют, але вона 5 віддала наліком",EUR,5.0,5.0,,Other,
394,2025-07-23,"Стрижка",EUR,-10.0,-10.0,,Other,
395,2025-07-28,"Мама дала на бенз",EUR,20.0,20.0,,Transportation,
396,2025-07-28,"Піцца + Кофе з Артемом",EUR,-10.0,-10.0,,"Dining & Restaurants",
397,2025-07-01,"Заробив на Руслані коли переводив гроші",EUR,20.0,20.0,,Income,
398,2025-06-01,Bmove,EUR,-4.8,-4.8,,Transportation,
399,2025-06-02,"Transfer from Revolut user",EUR,10.0,10.0,,Income,
400,2025-06-02,"Restoran Kampus",EUR,-1.4,-1.4,,"Dining & Restaurants",
401,2025-06-02,"Restoran Kampus",EUR,-0.85,-0.85,,"Dining & Restaurants",
402,2025-06-03,"Restoran Kampus",EUR,-1.55,-1.55,,"Dining & Restaurants",
403,2025-06-03,Plodine,EUR,-2.58,-2.58,,Groceries,
404,2025-06-03,"Restoran Kampus",EUR,-1.33,-1.33,,"Dining & Restaurants",
405,2025-06-04,INA,EUR,-1.99,-1.99,,Groceries,
406,2025-06-04,"Restoran Kampus",EUR,-2.11,-2.11,,"Dining & Restaurants",
407,2025-06-04,Bmove,EUR,-0.8,-0.8,,Transportation,
408,2025-06-05,"Transfer for Ruslan",EUR,25.0,25.0,,Income,
409,2025-06-05,"Google YouTubePremium",EUR,-3.04,-3.04,,"Entertainment & Subscriptions",
410,2025-06-05,Index,EUR,-1.66,-1.66,,"Dining & Restaurants",
411,2025-06-06,"Restoran Kampus",EUR,-2.22,-2.22,,"Dining & Restaurants",
412,2025-06-06,Cacao,EUR,-2.6,-2.6,,"Dining & Restaurants",
413,2025-06-06,Plodine,EUR,-1.18,-1.18,,Groceries,
414,2025-06-07,"UPLATA NA DEPOZITNOM BANKOMATU",EUR,120.0,120.0,,Income,
415,2025-06-07,"SPAR Food & Fuel",EUR,-1.02,-1.02,,Groceries,
416,2025-06-09,"SPAR Food & Fuel",EUR,-1.02,-1.02,,Groceries,
417,2025-06-09,"Caffe Bar Formula",EUR,-2.95,-2.95,,Coffee,
418,2025-06-09,"Restoran Kampus",EUR,-0.76,-0.76,,"Dining & Restaurants",
419,2025-06-09,"Restoran Kampus",EUR,-1.5,-1.5,,"Dining & Restaurants",
420,2025-06-09,Amazon,EUR,-8.78,-8.78,,"Education & Studying",Book
421,2025-06-09,"462765XXXXXX9899, PETROL PM RIJEKA, VEZICA RIJEKA",EUR,-20.05,-20.05,,Transportation,
422,2025-06-09,"UPLATA NA DEPOZITNOM BANKOMATU",EUR,85.0,85.0,,Income,
423,2025-06-09,"Parkirali Te Korzo",EUR,-1.5,-1.5,,Transportation,
424,2025-06-10,"RESTORAN KAMPUS",EUR,-1.06,-1.06,,"Dining & Restaurants",
425,2025-06-10,"Restoran Kampus",EUR,-1.27,-1.27,,"Dining & Restaurants",
426,2025-06-10,INTERSPAR,EUR,-3.13,-3.13,,Groceries,
427,2025-06-11,"462765XXXXXX9899, PETROL PM RIJEKA, VEZICA RIJEKA",EUR,-10.03,-10.03,,Transportation,
428,2025-06-11,"KEKS Pay - Plaćanje na prodajnom mjestu Cacao Tower Center - 218914121",EUR,-7.4,-7.4,,Coffee,
429,2025-06-11,"UPLATA NA DEPOZITNOM BANKOMATU",EUR,50.0,50.0,,Income,
430,2025-06-11,"Restoran Kampus",EUR,-1.45,-1.45,,"Dining & Restaurants",
431,2025-06-11,Tisak,EUR,-1.99,-1.99,,Groceries,
432,2025-06-11,Apple,EUR,-6.49,-6.49,,"Entertainment & Subscriptions",
433,2025-06-11,"Gavranović",EUR,-5.37,-5.37,,Groceries,
434,2025-06-11,"Restoran Kampus",EUR,-0.95,-0.95,,"Dining & Restaurants",
435,2025-06-12,"Restoran Kampus",EUR,-2.0,-2.0,,"Dining & Restaurants",
436,2025-06-12,"Restoran Kampus",EUR,-0.72,-0.72,,"Dining & Restaurants",
437,2025-06-12,"KEKS Pay",EUR,-2.3,-2.3,,Coffee,
438,2025-06-13,"KEKS Pay",EUR,-2.3,-2.3,,Coffee,
439,2025-06-13,"GAVRANOVIC P-209",EUR,-2.54,-2.54,,Groceries,
440,2025-06-13,"Restoran Kampus",EUR,-2.09,-2.09,,"Dining & Restaurants",
441,2025-06-13,"462765XXXXXX9899, PETROL PM RIJEKA, VEZICA RIJEKA",EUR,-15.02,-15.02,,Transportation,
442,2025-06-15,"UPLATA NA DEPOZITNOM BANKOMATU",EUR,250.0,250.0,,Income,
443,2025-06-15,"462765XXXXXX9899, PETROL PM RIJEKA, VEZICA RIJEKA",EUR,-10.11,-10.11,,Transportation,
444,2025-06-16,"U17357273, interactive brockers account",EUR,-50.0,-50.0,,Investments,
445,2025-06-16,"McDonald's",EUR,-7.8,-7.8,,"Dining & Restaurants",
446,2025-06-16,"Restoran Kampus",EUR,-1.29,-1.29,,"Dining & Restaurants",
447,2025-06-16,"Restoran Kampus",EUR,-1.33,-1.33,,"Dining & Restaurants",
448,2025-06-17,"PRTMN *KYIVSTAR T",EUR,-0.41,-0.41,,Other,
449,2025-06-17,Nike,EUR,-41.33,-41.33,,Shopping,
450,2025-06-17,Autogrill,EUR,-2.6,-2.6,,Coffee,
451,2025-06-17,Autogrill,EUR,-2.9,-2.9,,Coffee,
452,2025-06-18,"Restoran Kampus",EUR,-1.07,-1.07,,"Dining & Restaurants",
453,2025-06-19,"McDonald's",EUR,-8.2,-8.2,,"Dining & Restaurants",
454,2025-06-20,Petrol,EUR,-3.94,-3.94,,Groceries,
455,2025-06-20,"DIONICA VRBOVSKO-RIJEK, заплатив саші за дорогу в загреб",EUR,-8.81,-8.81,,Transportation,
456,2025-06-21,"dm drogerie",EUR,-1.75,-1.75,,Groceries,
457,2025-06-22,"UPLATA NA DEPOZITNOM BANKOMATU",EUR,110.0,110.0,,Income,
458,2025-06-23,"Restoran Kampus",EUR,-2.27,-2.27,,"Dining & Restaurants",
459,2025-06-23,"Gavranović",EUR,-1.93,-1.93,,Groceries,
460,2025-06-23,Plodine,EUR,-4.6,-4.6,,Groceries,
461,2025-06-23,"Restoran Kampus",EUR,-3.03,-3.03,,"Dining & Restaurants",
462,2025-06-23,"Restoran Kampus",EUR,-1.0,-1.0,,"Dining & Restaurants",
463,2025-06-23,"Restoran Kampus",EUR,-1.3,-1.3,,"Dining & Restaurants",
464,2025-06-25,"Restoran Kampus",EUR,-1.35,-1.35,,"Dining & Restaurants",
465,2025-06-25,"Sveucilisna Knjicnica",EUR,-0.8,-0.8,,Other,
466,2025-06-25,"Moire Student Shop",EUR,-1.2,-1.2,,Groceries,
467,2025-06-25,"Restoran Kampus",EUR,-0.3,-0.3,,"Dining & Restaurants",
468,2025-06-25,"Restoran Kampus",EUR,-1.44,-1.44,,"Dining & Restaurants",
469,2025-06-25,"Restoran Kampus",EUR,-1.41,-1.41,,"Dining & Restaurants",
470,2025-06-25,"KEKS Pay",EUR,-2.3,-2.3,,Coffee,
471,2025-06-26,"Gavranović",EUR,-5.32,-5.32,,Groceries,
472,2025-06-26,"462765XXXXXX9899, PETROL PM RIJEKA, MLAKA RIJEKA",EUR,-15.07,-15.07,,Transportation,
473,2025-06-26,"PAYPAL *VIERUDGROUP",EUR,-2.22,-2.22,,Other,
474,2025-06-26,"Restoran Kampus",EUR,-1.56,-1.56,,"Dining & Restaurants",
475,2025-06-26,Bmove,EUR,-2.0,-2.0,,Transportation,
476,2025-06-26,"SPAR Food & Fuel",EUR,-4.53,-4.53,,Groceries,
477,2025-06-27,"Restoran Kampus",EUR,-1.4,-1.4,,"Dining & Restaurants",
478,2025-06-27,"462765XXXXXX9899, PETROL PM RIJEKA, VEZICA RIJEKA",EUR,-10.08,-10.08,,Transportation,
479,2025-06-27,Kaufland,EUR,-0.85,-0.85,,Groceries,
480,2025-06-27,Lidl,EUR,-1.88,-1.88,,Groceries,
481,2025-06-30,"462765XXXXXX9899, MCDONALD'S KIOSK KUKULJANOVO",EUR,-12.3,-12.3,,"Dining & Restaurants",
482,2025-06-30,"Gavranović",EUR,-3.38,-3.38,,Groceries,
483,2025-06-30,"Dante Bar",EUR,-2.3,-2.3,,Coffee,
484,2025-06-02,"Dante Bar",EUR,-3.0,-3.0,,Coffee,
485,2025-06-02,"Кофе з тіпами",EUR,-5.0,-5.0,,Coffee,
486,2025-06-08,"Гроші Аріні",EUR,-10.0,-10.0,,Other,
487,2025-06-09,"Dante Bar",EUR,-3.0,-3.0,,Coffee,
488,2025-06-10,"Мама Дала на бенз",EUR,10.0,10.0,,Transportation,
489,2025-06-10,"Саша дав 50 євро(30 був винен за архам а 20 просто за допомогу)",EUR,20.0,20.0,,Income,
490,2025-06-13,"Стрижка",EUR,-10.0,-10.0,,Other,
491,2025-06-18,"Кофе Бонавія",EUR,-3.0,-3.0,,Coffee,
492,2025-06-20,"Зходили в кафе з Сашою коли були на СТО в загребі",EUR,-30.0,-30.0,,"Dining & Restaurants",
493,2025-06-23,"Кофе з одногрупниками",EUR,-8.0,-8.0,,Coffee,
494,2025-06-24,"Оренда Суп досок з русланом",EUR,-30.0,-30.0,,"Entertainment & Subscriptions",
495,2025-06-14,"Піця з русланом і сашою, коли каталися на супах",EUR,-17.0,-17.0,,"Dining & Restaurants",
496,2025-06-26,"Кофе бонавія",EUR,-3.0,-3.0,,Coffee,
497,2025-06-29,"Ina BP rijeka(на 15 євро заправився, на 12 купив руслану бухла)",EUR,-27.92,-27.92,,Transportation,
498,2025-03-31,"462765XXXXXX9899, WROCLAWSKI PARK WODN 04 65,83 PLN",EUR,-16.23,-16.23,erste,Travelling,
499,2025-03-31,"462765XXXXXX9899, WROCLAWSKI PARK WODN 04 261,00 PLN",EUR,-32.18,-32.18,erste,Travelling,
500,2025-03-28,"462765XXXXXX9899, Restauracja Smak na Tak 33,23 PLN",EUR,-8.2,-8.2,erste,Travelling,
501,2025-03-25,U17357273,EUR,-35.0,-35.0,erste,Investments,
502,2025-03-18,"Studentski centar Rijeka, SEMENIUK DMYTRO OŽUJAK rb. 554",EUR,296.94,296.94,erste,Income,
503,2025-03-13,"462765XXXXXX9899, MCDONALD'S KIOSK RIJEKA",EUR,-7.4,-7.4,erste,"Dining & Restoraunts",
504,2025-03-10,"KEKS Pay - Plaćanje na prodajnom mjestu Cacao Tower Center - 194331369",EUR,-2.4,-2.4,erste,"Dining & Restoraunts",
505,2025-03-10,"KEKS Pay - Plaćanje na prodajnom mjestu Cacao Tower Center - 194328222",EUR,-2.6,-2.6,erste,"Dining & Restoraunts",
506,2025-03-08,"462765XXXXXX9899, CVJECARNICA DECORUS KUKULJANOVO",EUR,-23.0,-23.0,erste,Shopping,"flowers for mom and sister"
507,2025-03-07,"462765XXXXXX9899, ELEGANCE RIJEKA",EUR,-47.6,-47.6,erste,Shopping,blouse
508,2025-03-07,"462765XXXXXX9899, MCDONALD'S KIOSK KUKULJANOVO",EUR,-13.3,-13.3,erste,"Dining & Restoraunts",
509,2025-03-05,U17357273,EUR,-40.0,-40.0,erste,Investments,
510,2025-03-04,"UPLATA NA DEPOZITNOM BANKOMATU",EUR,200.0,200.0,erste,Income,
511,2025-03-31,"AUCHAN WROCLAW ZWYC",EUR,-17.2,-17.2,monobank,Travelling,
512,2025-03-30,WOLT,EUR,-16.0,-16.0,monobank,Travelling,
513,2025-03-29,"В'ячеслав К.",EUR,-5.0,-5.0,monobank,Travelling,
514,2025-03-26,"BUS MARCO POLO",EUR,-1.5,-1.5,monobank,Travelling,
515,2025-03-24,"Артем К.",EUR,-6.5,-6.5,monobank,"Entertainment & Subscription",
516,2025-03-20,"RESTORAN KAMPUS",EUR,-1.02,-1.02,monobank,"Dining & Restoraunts",
517,2025-03-20,"RESTORAN KAMPUS",EUR,-1.22,-1.22,monobank,"Dining & Restoraunts",
518,2025-03-12,"RESTORAN KAMPUS",EUR,-2.57,-2.57,monobank,"Dining & Restoraunts",
519,2025-03-11,"GAVRANOVIC P-209",EUR,-5.17,-5.17,monobank,Groceries,
520,2025-03-06,"PORTMONE LTD*LIFECELL",EUR,-1.2,-1.2,monobank,Other,
521,2025-03-02,"Google YouTubePremium",EUR,-3.5,-3.5,monobank,"Entertainment & Subscription",
522,2025-03-01,"Restoran Kampus",EUR,-1.66,-1.66,revolut,"Dining & Restoraunts",
523,2025-03-01,Ryanair,EUR,-18.6,-18.6,revolut,Travelling,
524,2025-03-01,FlixBus,EUR,-27.37,-27.37,revolut,Travelling,
525,2025-03-03,Wolt,EUR,-11.28,-11.28,revolut,"Dining & Restoraunts",
526,2025-03-04,"Pekara Krimeja D.o.o.",EUR,-1.3,-1.3,revolut,"Dining & Restoraunts",
527,2025-03-04,"Restoran Kampus",EUR,-0.49,-0.49,revolut,"Dining & Restoraunts",
528,2025-03-04,"Restoran Kampus",EUR,-1.61,-1.61,revolut,"Dining & Restoraunts",
529,2025-03-04,"Restoran Kampus",EUR,-0.79,-0.79,revolut,"Dining & Restoraunts",
530,2025-03-04,"McDonald's",EUR,-2.5,-2.5,revolut,"Dining & Restoraunts",
531,2025-03-05,"Restoran Kampus",EUR,-1.07,-1.07,revolut,"Dining & Restoraunts",
532,2025-03-05,"Restoran Kampus",EUR,-0.49,-0.49,revolut,"Dining & Restoraunts",
533,2025-03-05,"Restoran Kampus",EUR,-0.3,-0.3,revolut,"Dining & Restoraunts",
534,2025-03-05,"Gavranović",EUR,-7.36,-7.36,revolut,Groceries,
535,2025-03-05,"SPAR Food & Fuel",EUR,-3.53,-3.53,revolut,Groceries,
536,2025-03-06,Metro,EUR,-16.29,-16.29,revolut,Groceries,
537,2025-03-06,"Restoran Kampus",EUR,-1.0,-1.0,revolut,"Dining & Restoraunts",
538,2025-03-06,"Restoran Kampus",EUR,-1.4,-1.4,revolut,"Dining & Restoraunts",
539,2025-03-07,"Restoran Kampus",EUR,-1.34,-1.34,revolut,"Dining & Restoraunts",
540,2025-03-07,"Restoran Kampus",EUR,-0.79,-0.79,revolut,"Dining & Restoraunts",
541,2025-03-07,"Petrol Pm Rijeka Vez",EUR,-10.03,-10.03,revolut,Transportation,
542,2025-03-09,Wolt,EUR,-8.0,-8.0,revolut,"Dining & Restoraunts",
543,2025-03-07,"SPAR Food & Fuel",EUR,-0.88,-0.88,revolut,Groceries,
544,2025-03-10,Plodine,EUR,-4.53,-4.53,revolut,Groceries,
545,2025-03-10,"Restoran Kampus",EUR,-1.17,-1.17,revolut,"Dining & Restoraunts",
546,2025-03-10,"Restoran Kampus",EUR,-0.81,-0.81,revolut,"Dining & Restoraunts",
547,2025-03-11,Apple,EUR,-6.49,-6.49,revolut,"Entertainment & Subscription",
548,2025-03-11,"Tabacco Shop",EUR,-1.49,-1.49,revolut,Groceries,
549,2025-03-11,"Restoran Kampus",EUR,-1.09,-1.09,revolut,"Dining & Restoraunts",
550,2025-03-10,Udemy,EUR,-9.99,-9.99,revolut,"Education & Studying",
551,2025-03-12,Plodine,EUR,-3.58,-3.58,revolut,Groceries,
552,2025-03-11,"SPAR Food & Fuel",EUR,-0.27,-0.27,revolut,Groceries,
553,2025-03-12,"Restoran Kampus",EUR,-0.23,-0.23,revolut,"Dining & Restoraunts",
554,2025-03-12,INA,EUR,-10.03,-10.03,revolut,Transportation,
555,2025-03-13,"Restoran Kampus",EUR,-1.33,-1.33,revolut,"Dining & Restoraunts",
556,2025-03-13,"dm drogerie",EUR,-1.75,-1.75,revolut,Groceries,
557,2025-03-13,Index,EUR,-1.17,-1.17,revolut,"Dining & Restoraunts",
558,2025-03-13,FlixBus,EUR,-14.97,-14.97,revolut,Travelling,
559,2025-03-13,Plodine,EUR,-4.8,-4.8,revolut,Groceries,
560,2025-03-14,"Restoran Kampus",EUR,-1.05,-1.05,revolut,"Dining & Restoraunts",
561,2025-03-14,"Restoran Kampus",EUR,-0.85,-0.85,revolut,"Dining & Restoraunts",
562,2025-03-15,Amazon,EUR,-7.9,-7.9,revolut,"Education & Studying",
563,2025-03-16,"Hrvatske autoceste",EUR,-1.1,-1.1,revolut,Transportation,
564,2025-03-16,"Hrvatske autoceste",EUR,-1.1,-1.1,revolut,Transportation,
565,2025-03-17,"Moire Student Shop",EUR,-3.5,-3.5,revolut,Groceries,
566,2025-03-17,"Restoran Kampus",EUR,-2.11,-2.11,revolut,"Dining & Restoraunts",
567,2025-03-17,"Restoran Kampus",EUR,-1.22,-1.22,revolut,"Dining & Restoraunts",
568,2025-03-18,"KEKS Pay",EUR,-2.9,-2.9,revolut,"Dining & Restoraunts",
569,2025-03-18,"Restoran Kampus",EUR,-1.4,-1.4,revolut,"Dining & Restoraunts",
570,2025-03-18,"Restoran Kampus",EUR,-1.35,-1.35,revolut,"Dining & Restoraunts",
571,2025-03-19,"Cocalc Standard",EUR,-4.79,-4.79,revolut,"Education & Studying",
572,2025-03-19,"Restoran Kampus",EUR,-1.18,-1.18,revolut,"Dining & Restoraunts",
573,2025-03-19,"Restoran Kampus",EUR,-0.39,-0.39,revolut,"Dining & Restoraunts",
574,2025-03-20,"Govendi Time D.o.o.",EUR,-0.75,-0.75,revolut,"Dining & Restoraunts",
575,2025-03-21,"Restoran Kampus",EUR,-0.3,-0.3,revolut,"Dining & Restoraunts",
576,2025-03-21,"Restoran Kampus",EUR,-1.4,-1.4,revolut,"Dining & Restoraunts",
577,2025-03-21,"Restoran Kampus",EUR,-1.05,-1.05,revolut,"Dining & Restoraunts",
578,2025-03-21,"Caffe Bar Formula",EUR,-1.35,-1.35,revolut,"Dining & Restoraunts",
579,2025-03-20,"SPAR Food & Fuel",EUR,-3.06,-3.06,revolut,"Dining & Restoraunts",
580,2025-03-24,Amazon,EUR,-15.07,-15.07,revolut,"Education & Studying",
581,2025-03-24,"Müller",EUR,-3.51,-3.51,revolut,Travelling,
582,2025-03-24,"Restoran Kampus",EUR,-1.51,-1.51,revolut,"Dining & Restoraunts",
583,2025-03-24,"Restoran Kampus",EUR,-1.82,-1.82,revolut,"Dining & Restoraunts",
584,2025-03-24,INA,EUR,-10.03,-10.03,revolut,Transportation,
585,2025-03-25,"Starý mlyn",EUR,-2.0,-2.0,revolut,Travelling,
586,2025-03-25,"Wiener Linien",EUR,-4.8,-4.8,revolut,Travelling,
587,2025-03-25,BP,EUR,-3.69,-3.69,revolut,Travelling,
588,2025-03-26,Bolt,EUR,-4.0,-4.0,revolut,Travelling,
589,2025-03-25,"Vienna Intl. Bustermin",EUR,-0.5,-0.5,revolut,Travelling,
590,2025-03-25,"Vienna Intl. Bustermin",EUR,-0.5,-0.5,revolut,Travelling,
591,2025-03-25,"Dopravný podnik Bratislava - DPB",EUR,-1.1,-1.1,revolut,Travelling,
592,2025-03-25,FlixBus,EUR,-31.8,-31.8,revolut,Travelling,
593,2025-03-26,Subway,EUR,-6.94,-6.94,revolut,Travelling,
594,2025-03-26,"Circle K Gas Station",EUR,-0.49,-0.49,revolut,Travelling,
595,2025-03-26,"Żabka",EUR,-2.5,-2.5,revolut,Travelling,
596,2025-03-26,"Żabka",EUR,-1.68,-1.68,revolut,Travelling,
597,2025-03-26,Wolt,EUR,-7.5,-7.5,revolut,Travelling,
598,2025-03-27,Biedronka,EUR,-9.5,-9.5,revolut,Travelling,
599,2025-03-27,"McDonald's",EUR,-8.37,-8.37,revolut,Travelling,
600,2025-03-27,"ZOO Wrocław",EUR,-19.12,-19.12,revolut,Travelling,
601,2025-03-27,"Żabka",EUR,-1.5,-1.5,revolut,Travelling,
602,2025-03-27,"Żabka",EUR,-1.8,-1.8,revolut,Travelling,
603,2025-03-28,"National Museum",EUR,-5.25,-5.25,revolut,Travelling,
604,2025-03-28,Bolt,EUR,-1.58,-1.58,revolut,Travelling,
605,2025-03-28,"Bulwar Cafe",EUR,-3.0,-3.0,revolut,Travelling,
606,2025-03-28,"Bulwar Cafe",EUR,-3.0,-3.0,revolut,Travelling,
607,2025-03-26,"MPK Wrocław",EUR,-2.21,-2.21,revolut,Travelling,
608,2025-03-28,"Żabka",EUR,-2.26,-2.26,revolut,Travelling,
609,2025-03-28,"Żabka",EUR,-4.0,-4.0,revolut,Travelling,
610,2025-03-28,"Żabka",EUR,-1.85,-1.85,revolut,Travelling,
611,2025-03-29,"Arena 27 Sp.zoo",EUR,-12.6,-12.6,revolut,Travelling,
612,2025-03-29,"Arena 27 Sp.zoo",EUR,-3.6,-3.6,revolut,Travelling,
613,2025-03-27,"MPK Wrocław",EUR,-3.73,-3.73,revolut,Travelling,
614,2025-03-29,"Polskie Smaki",EUR,-7.44,-7.44,revolut,Travelling,
615,2025-03-29,"Firma Ok Sp. Z O.o.",EUR,-4.32,-4.32,revolut,Travelling,
616,2025-03-29,"Żabka",EUR,-4.61,-4.61,revolut,Travelling,
617,2025-03-30,Bolt,EUR,-2.5,-2.5,revolut,Travelling,
618,2025-03-30,"dobro&dobro cafe",EUR,-3.82,-3.82,revolut,Travelling,
619,2025-03-28,"MPK Wrocław",EUR,-1.54,-1.54,revolut,Travelling,
620,2025-03-28,"MPK Wrocław",EUR,-1.54,-1.54,revolut,Travelling,
621,2025-03-31,"Delikatesy Centrum",EUR,-1.25,-1.25,revolut,Travelling,
622,2025-03-31,Carrefour,EUR,-2.47,-2.47,revolut,Travelling,
623,2025-03-29,"Żabka",EUR,-2.43,-2.43,revolut,Travelling,
624,2025-05-01,"Google YouTubePremium",EUR,-3.15,-3.15,,"Entertainment & Subscription",
625,2025-05-01,"MCDONALD'S KIOSK",EUR,-8.76,-8.76,,"Dining & Restoraunts",
626,2025-05-01,"Naplata naknade za vođenje računa",EUR,-3.0,-3.0,,Other,
627,2025-05-01,"Petrol Pm Rijeka Vez",EUR,-15.01,-15.01,,Travelling,
628,2025-05-02,"Restoran Kampus",EUR,-1.15,-1.15,,"Dining & Restoraunts",
629,2025-05-02,"Restoran Kampus",EUR,-2.05,-2.05,,"Dining & Restoraunts",
630,2025-05-02,"dm drogerie",EUR,-1.75,-1.75,,Groceries,
631,2025-05-03,"Hrvatske autoceste",EUR,-1.1,-1.1,,Travelling,
632,2025-05-06,"RESTORAN KAMPUS",EUR,-2.59,-2.59,,"Dining & Restoraunts",
633,2025-05-06,"Restoran Kampus",EUR,-0.22,-0.22,,"Dining & Restoraunts",
634,2025-05-06,"Restoran Kampus",EUR,-0.79,-0.79,,"Dining & Restoraunts",
635,2025-05-07,"UPLATA NA DEPOZITNOM BANKOMATU",EUR,30.0,30.0,,Income,
636,2025-05-07,"Restoran Kampus",EUR,-0.6,-0.6,,"Dining & Restoraunts",
637,2025-05-07,"CAFFE BAR FORMULA",EUR,-1.35,-1.35,,"Dining & Restoraunts",
638,2025-05-08,"SPAR Food & Fuel",EUR,-2.21,-2.21,,Groceries,
639,2025-05-08,"Restoran Kampus",EUR,-1.84,-1.84,,"Dining & Restoraunts",
640,2025-05-08,"Restoran Kampus",EUR,-0.79,-0.79,,"Dining & Restoraunts",
641,2025-05-08,"Inovine P 032",EUR,-1.09,-1.09,,Shopping,
642,2025-05-09,"Restoran Kampus",EUR,-0.3,-0.3,,"Dining & Restoraunts",
643,2025-05-09,"Restoran Kampus",EUR,-1.59,-1.59,,"Dining & Restoraunts",
644,2025-05-09,"Dante Bar",EUR,-4.0,-4.0,,"Dining & Restoraunts",
645,2025-05-09,"Restoran Kampus",EUR,-2.22,-2.22,,"Dining & Restoraunts",
646,2025-05-09,"Restoran Kampus",EUR,-1.0,-1.0,,"Dining & Restoraunts",
647,2025-05-12,"PETROL PM RIJEKA, VEZICA",EUR,-19.9,-19.9,,Transportation,
648,2025-05-12,"Restoran Kampus",EUR,-0.3,-0.3,,"Dining & Restoraunts",
649,2025-05-12,"Restoran Kampus",EUR,-1.35,-1.35,,"Dining & Restoraunts",
650,2025-05-12,"Restoran Kampus",EUR,-0.95,-0.95,,"Dining & Restoraunts",
651,2025-05-13,Apple,EUR,-6.49,-6.49,,"Entertainment & Subscription",
652,2025-05-13,Mlinar,EUR,-3.0,-3.0,,Groceries,
653,2025-05-13,"Tabacco Shop",EUR,-2.59,-2.59,,Shopping,
654,2025-05-14,"PLODINE SUPERMARKET",EUR,-2.23,-2.23,,Groceries,
655,2025-05-14,"RESTORAN KAMPUS",EUR,-0.67,-0.67,,"Dining & Restoraunts",
656,2025-05-14,"PLODINE SUPERMARKET",EUR,-0.18,-0.18,,Groceries,
657,2025-05-15,"Restoran Kampus",EUR,-1.11,-1.11,,"Dining & Restoraunts",
658,2025-05-15,"Studentski centar Rijeka, SEMENIUK DMYTRO SVIBANJ rb. 595",EUR,242.4,242.4,,Income,
659,2025-05-16,"Restoran Kampus",EUR,-1.9,-1.9,,"Dining & Restoraunts",
660,2025-05-16,"Restoran Kampus",EUR,-2.0,-2.0,,"Dining & Restoraunts",
661,2025-05-16,"SPAR Food & Fuel",EUR,-6.14,-6.14,,Groceries,
662,2025-05-16,"Caffe Bar Formula",EUR,-2.95,-2.95,,"Dining & Restoraunts",
663,2025-05-17,"462765XXXXXX9899, INA BP KOSTRENA",EUR,-20.02,-20.02,,Transportation,
664,2025-05-17,"462765XXXXXX9899, GAVRANOVIC P-209 HRELJIN",EUR,-1.19,-1.19,,Groceries,
665,2025-05-17,Piko,EUR,-1.75,-1.75,,Groceries,
666,2025-05-17,"Rijeka Trans",EUR,-20.2,-20.2,,Transportation,
667,2025-05-17,Plodine,EUR,-11.22,-11.22,,Groceries,
668,2025-05-17,Bmove,EUR,-1.6,-1.6,,Transportation,
669,2025-05-19,"Restoran Kampus",EUR,-1.64,-1.64,,"Dining & Restoraunts",
670,2025-05-19,Plodine,EUR,-1.94,-1.94,,Groceries,
671,2025-05-20,"Transfer to Revolut user",EUR,-2.0,-2.0,,Other,
672,2025-05-20,"Prijenos sa HR8224020063211614523, Groši jbt",EUR,-55.0,-55.0,,Investments,
673,2025-05-20,"SPAR Food & Fuel",EUR,-1.02,-1.02,,Groceries,
674,2025-05-20,Studenac,EUR,-1.22,-1.22,,Groceries,
675,2025-05-20,"Restoran Kampus",EUR,-1.15,-1.15,,"Dining & Restoraunts",
676,2025-05-20,Index,EUR,-1.3,-1.3,,"Dining & Restoraunts",
677,2025-05-22,"Restoran Kampus",EUR,-0.62,-0.62,,"Dining & Restoraunts",
678,2025-05-22,Index,EUR,-0.98,-0.98,,"Dining & Restoraunts",
679,2025-05-22,Studenac,EUR,-1.39,-1.39,,Groceries,
680,2025-05-22,"Gavranović",EUR,-0.99,-0.99,,Groceries,
681,2025-05-23,"KEKS Pay",EUR,-2.2,-2.2,,"Dining & Restoraunts",
682,2025-05-23,"Restoran Kampus",EUR,-0.84,-0.84,,"Dining & Restoraunts",
683,2025-05-23,"Petrol Pm Rijeka Vez",EUR,-10.05,-10.05,,Transportation,
684,2025-05-23,"SPAR Food & Fuel",EUR,-0.15,-0.15,,Groceries,
685,2025-05-23,Spar,EUR,-2.04,-2.04,,Groceries,
686,2025-05-24,"Trgovacki Obrt Buric",EUR,-2.3,-2.3,,Groceries,
687,2025-05-25,Tommy,EUR,-3.67,-3.67,,Groceries,
688,2025-05-25,"McDonald's",EUR,-4.7,-4.7,,"Dining & Restoraunts",
689,2025-05-26,"PAYPAL *VIERUDGROUP",EUR,-2.51,-2.51,,Investments,
690,2025-05-26,"Restoran Kampus",EUR,-1.55,-1.55,,"Dining & Restoraunts",
691,2025-05-26,"Caffe Bar Formula",EUR,-2.55,-2.55,,"Dining & Restoraunts",
692,2025-05-27,"Restoran Kampus",EUR,-1.35,-1.35,,"Dining & Restoraunts",
693,2025-05-27,"462765XXXXXX9899, ERSTE ATM A2151046 RIJEKA Jadranski trg 3a",EUR,-10.0,-10.0,,Transportation,
694,2025-05-27,Index,EUR,-1.12,-1.12,,"Dining & Restoraunts",
695,2025-05-28,Index,EUR,-1.08,-1.08,,"Dining & Restoraunts",
696,2025-05-28,"Gavranović",EUR,-2.94,-2.94,,Groceries,
697,2025-05-29,"ADRIA OIL",EUR,-10.0,-10.0,,Transportation,
698,2025-05-29,"Restoran Kampus",EUR,-1.11,-1.11,,"Dining & Restoraunts",
699,2025-05-29,"462765XXXXXX9899, PETROL PM RIJEKA, VEZICA RIJEKA",EUR,-15.0,-15.0,,Transportation,
700,2025-05-29,"Restoran Kampus",EUR,-2.38,-2.38,,"Dining & Restoraunts",
701,2025-05-29,"Restoran Kampus",EUR,-1.0,-1.0,,"Dining & Restoraunts",
702,2025-05-29,"Restoran Kampus",EUR,-0.92,-0.92,,"Dining & Restoraunts",
703,2025-05-30,"PETROL PM RIJEKA, OBILAZN",EUR,-27.36,-27.36,,Transportation,
704,2025-05-30,516875****5300,EUR,170.0,170.0,,Other,"Fine 150 euros, vignette - 17"
705,2025-05-31,"Naplata naknade za vođenje računa",EUR,-3.0,-3.0,,Other,
706,2025-11-02,"SPAR Food & Fuel",EUR,-0.69,-0.69,,Groceries,
707,2025-11-02,"Mcdonald's",EUR,-9.4,-9.4,,"Dining & Restaurants",
708,2025-11-03,"Restoran Kampus",EUR,-1.25,-1.25,,"Dining & Restaurants",
709,2025-11-03,"Transfer from ARTUR NASIROV",EUR,20.0,20.0,,Income,
710,2025-11-03,"Restoran Kampus",EUR,-1.05,-1.05,,"Dining & Restaurants",
711,2025-11-03,Mlinar,EUR,-1.6,-1.6,,"Dining & Restaurants",
712,2025-11-04,Chatgpt,EUR,-18.4,-18.4,,"Entertainment & Subscriptions",
713,2025-11-04,"Transfer from ARTUR NASIROV",EUR,20.0,20.0,,Income,
714,2025-11-05,"Restoran Kampus",EUR,-1.22,-1.22,,"Dining & Restaurants",
715,2025-11-05,YouTube,EUR,-3.1,-3.1,,"Entertainment & Subscriptions",
716,2025-11-05,"SPAR Food & Fuel",EUR,-1.49,-1.49,,Groceries,
717,2025-11-05,"Restoran Kampus",EUR,-1.3,-1.3,,"Dining & Restaurants",
718,2025-11-06,"KEKS Pay",EUR,-2.3,-2.3,,Coffee,
719,2025-11-06,"Restoran Kampus",EUR,-1.41,-1.41,,"Dining & Restaurants",
720,2025-11-06,"Gavranović",EUR,-3.98,-3.98,,Groceries,
721,2025-11-06,Plodine,EUR,-5.51,-5.51,,Groceries,
722,2025-11-06,"Tina-Viškovo",EUR,-4.7,-4.7,,"Dining & Restaurants",
723,2025-11-07,"SPAR Food & Fuel",EUR,-0.95,-0.95,,Groceries,
724,2025-11-07,Mlinar,EUR,-1.5,-1.5,,"Dining & Restaurants",
725,2025-11-07,Apple,EUR,-2.99,-2.99,,"Entertainment & Subscriptions",
726,2025-11-08,"462765XXXXXX9899, INA BP RIJEKA",EUR,-10.06,-10.06,,Transportation,
727,2025-11-09,"Transfer from ARTUR NASIROV",EUR,20.0,20.0,,Income,
728,2025-11-10,"Restoran Kampus",EUR,-0.19,-0.19,,"Dining & Restaurants",
729,2025-11-10,"Restoran Kampus",EUR,-1.22,-1.22,,"Dining & Restaurants",
730,2025-11-10,"Restoran Kampus",EUR,-1.07,-1.07,,"Dining & Restaurants",
731,2025-11-10,"Restoran Kampus",EUR,-1.35,-1.35,,"Dining & Restaurants",
732,2025-11-11,Index,EUR,-1.57,-1.57,,"Dining & Restaurants",
733,2025-11-11,Apple,EUR,-6.49,-6.49,,"Entertainment & Subscriptions",
734,2025-11-11,"Dante Bar",EUR,-2.3,-2.3,,Coffee,
735,2025-11-12,Bmove,EUR,-0.8,-0.8,,Transportation,
736,2025-11-12,"Restoran Kampus",EUR,-1.14,-1.14,,"Dining & Restaurants",
737,2025-11-12,"SPAR Food & Fuel",EUR,-10.05,-10.05,,Groceries,
738,2025-11-13,"Restoran Kampus",EUR,-0.43,-0.43,,"Dining & Restaurants",
739,2025-11-13,"Restoran Kampus",EUR,-0.84,-0.84,,"Dining & Restaurants",
740,2025-11-13,Lidl,EUR,-2.29,-2.29,,"Dining & Restaurants",
741,2025-11-14,"Mcdonald's",EUR,-3.69,-3.69,,"Dining & Restaurants",
742,2025-11-14,"Nuernberg Hbf",EUR,-1.5,-1.5,,Travelling,
743,2025-11-14,Esso,EUR,-1.69,-1.69,,Travelling,
744,2025-11-14,"Malzahn GmbH & Co. KG",EUR,-1.0,-1.0,,Travelling,
745,2025-11-14,Bolt,EUR,-1.49,-1.49,,Travelling,
746,2025-11-15,"Transfer to Revolut user",EUR,-16.0,-16.0,,Travelling,
747,2025-11-15,"Żabka",EUR,-3.33,-3.33,,Travelling,
748,2025-11-15,"Mcdonald's",EUR,-8.51,-8.51,,Travelling,
749,2025-11-15,"Transfer to Revolut user",EUR,-4.77,-4.77,,Travelling,
750,2025-11-16,BP,EUR,-5.23,-5.23,,Travelling,
751,2025-11-16,"Transfer to Revolut user",EUR,-6.0,-6.0,,Travelling,
752,2025-11-16,"Mcdonald's",EUR,-10.1,-10.1,,Travelling,
753,2025-11-16,"Circle K Gas Station",EUR,-1.43,-1.43,,Travelling,
754,2025-11-17,"Népliget Center",EUR,-2.62,-2.62,,Travelling,
755,2025-11-17,Tifon,EUR,-4.18,-4.18,,Travelling,
756,2025-11-19,Mlinar,EUR,-1.3,-1.3,,"Dining & Restaurants",
757,2025-11-19,Plodine,EUR,-1.19,-1.19,,Groceries,
758,2025-11-19,"Restoran Kampus",EUR,-0.91,-0.91,,"Dining & Restaurants",
759,2025-11-19,Index,EUR,-2.52,-2.52,,"Dining & Restaurants",
760,2025-11-19,Index,EUR,-0.59,-0.59,,"Dining & Restaurants",
761,2025-11-19,"Dante Bar",EUR,-2.3,-2.3,,Coffee,
762,2025-11-19,"Amazon Kindle",EUR,-15.5,-15.5,,"Education & Studying",
763,2025-11-20,"Dante Bar",EUR,-2.3,-2.3,,Coffee,
764,2025-11-20,Petrol,EUR,-10.02,-10.02,,Transportation,
765,2025-11-20,Mlinar,EUR,-1.3,-1.3,,"Dining & Restaurants",
766,2025-11-20,"Restoran Kampus",EUR,-0.3,-0.3,,"Dining & Restaurants",
767,2025-11-20,"Restoran Kampus",EUR,-1.4,-1.4,,"Dining & Restaurants",
768,2025-11-20,Index,EUR,-1.23,-1.23,,"Dining & Restaurants",
769,2025-11-21,"Transfer from ARTUR NASIROV",EUR,20.0,20.0,,Income,
770,2025-11-21,"Restoran Kampus",EUR,-1.35,-1.35,,"Dining & Restaurants",
771,2025-11-21,"Restoran Kampus",EUR,-0.84,-0.84,,"Dining & Restaurants",
772,2025-11-21,"Dante Bar",EUR,-2.3,-2.3,,Coffee,
773,2025-11-21,Mlinar,EUR,-1.3,-1.3,,"Dining & Restaurants",
774,2025-11-21,"Transfer to ARTUR NASIROV",EUR,-2.0,-2.0,,Other,
775,2025-11-23,"Rijeka Trans",EUR,-18.67,-18.67,,Transportation,
776,2025-11-24,"Restoran Kampus",EUR,-1.0,-1.0,,"Dining & Restaurants",
777,2025-11-24,"Restoran Kampus",EUR,-2.14,-2.14,,"Dining & Restaurants",
778,2025-11-25,"Gavranović",EUR,-0.94,-0.94,,Groceries,
779,2025-11-26,Vierudgroup,EUR,-2.26,-2.26,,Other,
780,2025-11-26,Index,EUR,-1.05,-1.05,,"Dining & Restaurants",
781,2025-11-27,Index,EUR,-0.43,-0.43,,"Dining & Restaurants",
782,2025-11-27,Index,EUR,-2.43,-2.43,,"Dining & Restaurants",
783,2025-11-27,Index,EUR,-0.3,-0.3,,"Dining & Restaurants",
784,2025-11-28,Index,EUR,-0.79,-0.79,,"Dining & Restaurants",
785,2025-11-28,Konzum,EUR,-1.39,-1.39,,Groceries,
786,2025-11-28,Mlinar,EUR,-1.3,-1.3,,"Dining & Restaurants",
787,2025-11-28,"Gavranović",EUR,-3.34,-3.34,,Groceries,
788,2025-11-29,"SPAR Food & Fuel",EUR,-4.77,-4.77,,Groceries,
789,2025-11-30,"KEKS Pay",EUR,-2.3,-2.3,,Coffee,
790,2025-11-30,"Naplata naknade za vođenje računa",EUR,-1.93,-1.93,,Other,
791,2025-11-30,"Transfer to ARTUR NASIROV",EUR,-1.0,-1.0,,Other,
792,2025-11-30,"Mcdonald's",EUR,-9.8,-9.8,,"Dining & Restaurants",
793,2025-11-04,"Кофе з сашою",EUR,-4.0,-4.0,,Coffee,
794,2025-11-01,"Кофе боннавія",EUR,-12.0,-12.0,,Coffee,
795,2025-11-17,"Білєт в загреб",EUR,-11.0,-11.0,,Travelling,
796,2025-11-01,"Гараж",EUR,-178.75,-178.75,,Other,
797,2025-11-01,"Гараж,заробили",EUR,50.0,50.0,,Other,
798,2025-09-29,"McDonald's",EUR,-2.6,-2.6,,"Dining & Restaurants",
799,2025-09-29,Plodine,EUR,-1.1,-1.1,,Groceries,
800,2025-09-30,Bmove,EUR,-0.6,-0.6,,Transportation,
801,2025-09-30,"Restoran Kampus",EUR,-1.66,-1.66,,"Dining & Restaurants",
802,2025-09-30,Mlinar,EUR,-2.2,-2.2,,"Dining & Restaurants",
803,2025-09-30,"Dante Bar",EUR,-2.3,-2.3,,Coffee,
804,2025-09-30,"SPAR Food & Fuel",EUR,-2.18,-2.18,,"Dining & Restaurants",
805,2025-09-30,INA,EUR,-20.2,-20.2,,Transportation,
806,2025-10-01,"Naplata naknade za vođenje računa",EUR,-3.0,-3.0,,Other,
807,2025-10-01,"Restoran Kampus",EUR,-4.82,-4.82,,"Dining & Restaurants",
808,2025-10-01,Kaufland,EUR,-1.51,-1.51,,Groceries,
809,2025-10-02,"Restoran Kampus",EUR,-2.86,-2.86,,"Dining & Restaurants",
810,2025-10-02,Mlinar,EUR,-1.3,-1.3,,"Dining & Restaurants",
811,2025-10-02,"U17357273 Dmytro Semeniuk",EUR,-50.0,-50.0,,Investments,
812,2025-10-02,"Dante Bar",EUR,-2.3,-2.3,,"Dining & Restaurants",
813,2025-10-03,Plodine,EUR,-0.85,-0.85,,Groceries,
814,2025-10-03,"Restoran Kampus",EUR,-0.74,-0.74,,"Dining & Restaurants",
815,2025-10-03,"Restoran Kampus",EUR,-1.05,-1.05,,"Dining & Restaurants",
816,2025-10-03,Mlinar,EUR,-1.3,-1.3,,"Dining & Restaurants",
817,2025-10-04,"Fresh Corner Café",EUR,-2.6,-2.6,,Coffee,
818,2025-10-04,"Fresh Corner Café",EUR,-2.9,-2.9,,Coffee,
819,2025-10-04,Chatgpt,EUR,-18.4,-18.4,,"Entertainment & Subscriptions",
820,2025-10-04,"462765XXXXXX9899, LINKS PJ RIJEKA RIJEKA",EUR,-349.99,-349.99,,Other,
821,2025-10-05,YouTube,EUR,-3.07,-3.07,,"Entertainment & Subscriptions",
822,2025-10-05,"McDonald's",EUR,-10.7,-10.7,,"Dining & Restaurants",
823,2025-10-05,OpenAI,EUR,-5.14,-5.14,,"Entertainment & Subscriptions",
824,2025-10-06,"Restoran Kampus",EUR,-1.32,-1.32,,"Dining & Restaurants",
825,2025-10-06,"Dante Bar",EUR,-2.3,-2.3,,Coffee,
826,2025-10-06,"Restoran Kampus",EUR,-2.17,-2.17,,"Dining & Restaurants",
827,2025-10-06,"Transfer from ARTUR NASIROV",EUR,20.0,20.0,,Income,
828,2025-10-07,"Restoran Kampus",EUR,-1.11,-1.11,,"Dining & Restaurants",
829,2025-10-07,Apple,EUR,-2.99,-2.99,,"Entertainment & Subscriptions",
830,2025-10-07,"Govendi Time D.o.o.",EUR,-0.65,-0.65,,Coffee,
831,2025-10-07,"Restoran Kampus",EUR,-1.33,-1.33,,"Dining & Restaurants",
832,2025-10-08,"Restoran Kampus",EUR,-1.06,-1.06,,"Dining & Restaurants",
833,2025-10-08,"Restoran Kampus",EUR,-1.09,-1.09,,"Dining & Restaurants",
834,2025-10-08,Mlinar,EUR,-1.3,-1.3,,"Dining & Restaurants",
835,2025-10-08,"Caffe Bar Formula",EUR,-1.35,-1.35,,Coffee,
836,2025-10-09,"Restoran Kampus",EUR,-1.82,-1.82,,"Dining & Restaurants",
837,2025-10-09,"Caffe Bar Formula",EUR,-1.35,-1.35,,Coffee,
838,2025-10-09,"Restoran Kampus",EUR,-1.16,-1.16,,"Dining & Restaurants",
839,2025-10-10,"SPAR Food & Fuel",EUR,-1.18,-1.18,,Groceries,
840,2025-10-10,"Restoran Kampus",EUR,-3.14,-3.14,,"Dining & Restaurants",
841,2025-10-11,"Restoran Kampus",EUR,-2.52,-2.52,,"Dining & Restaurants",
842,2025-10-11,Apple,EUR,-6.49,-6.49,,"Entertainment & Subscriptions",
843,2025-10-13,"Dante Bar",EUR,-2.3,-2.3,,Coffee,
844,2025-10-13,"Restoran Kampus",EUR,-1.27,-1.27,,"Dining & Restaurants",
845,2025-10-13,"Restoran Kampus",EUR,-1.04,-1.04,,"Dining & Restaurants",
846,2025-10-13,"Restoran Kampus",EUR,-0.26,-0.26,,"Dining & Restaurants",
847,2025-10-14,"Restoran Kampus",EUR,-1.52,-1.52,,"Dining & Restaurants",
848,2025-10-14,"SPAR Food & Fuel",EUR,-1.19,-1.19,,Groceries,
849,2025-10-14,Mlinar,EUR,-1.3,-1.3,,"Dining & Restaurants",
850,2025-10-15,Mlinar,EUR,-1.3,-1.3,,"Dining & Restaurants",
851,2025-10-15,"Restoran Kampus",EUR,-0.84,-0.84,,"Dining & Restaurants",
852,2025-10-15,"Dante Bar",EUR,-2.3,-2.3,,Coffee,
853,2025-10-15,Funpay,EUR,-11.4,-11.4,,Other,
854,2025-10-15,"Restoran Kampus",EUR,-1.05,-1.05,,"Dining & Restaurants",
855,2025-10-16,"Restoran Kampus",EUR,-1.55,-1.55,,"Dining & Restaurants",
856,2025-10-16,"Transfer to ARTUR NASIROV",EUR,-1.0,-1.0,,Other,
857,2025-10-16,"Restoran Kampus",EUR,-2.23,-2.23,,"Dining & Restaurants",
858,2025-10-17,Mlinar,EUR,-1.9,-1.9,,"Dining & Restaurants",
859,2025-10-17,"Gavranović",EUR,-1.65,-1.65,,Groceries,
860,2025-10-17,"Dante Bar",EUR,-2.3,-2.3,,Coffee,
861,2025-10-17,"Restoran Kampus",EUR,-2.17,-2.17,,"Dining & Restaurants",
862,2025-10-17,"Restoran Kampus",EUR,-1.54,-1.54,,"Dining & Restaurants",
863,2025-10-18,"Київстар",EUR,-3.09,-3.09,,Other,
864,2025-10-18,Mlinar,EUR,-1.3,-1.3,,"Dining & Restaurants",
865,2025-10-18,"Restoran Kampus",EUR,-1.53,-1.53,,"Dining & Restaurants",
866,2025-10-18,"Gavranović",EUR,-7.43,-7.43,,Groceries,
867,2025-10-19,Mlinar,EUR,-3.2,-3.2,,"Dining & Restaurants",
868,2025-10-19,"SPAR Food & Fuel",EUR,-5.81,-5.81,,Groceries,
869,2025-10-20,"Restoran Kampus",EUR,-1.52,-1.52,,"Dining & Restaurants",
870,2025-10-20,"Transfer to ARTUR NASIROV",EUR,-2.0,-2.0,,Other,
871,2025-10-20,"Restoran Kampus",EUR,-2.73,-2.73,,"Dining & Restaurants",
872,2025-10-21,"Restoran Kampus",EUR,-1.05,-1.05,,"Dining & Restaurants",
873,2025-10-21,"Restoran Kampus",EUR,-1.09,-1.09,,"Dining & Restaurants",
874,2025-10-22,"Restoran Kampus",EUR,-1.71,-1.71,,"Dining & Restaurants",
875,2025-10-22,Index,EUR,-0.99,-0.99,,"Dining & Restaurants",
876,2025-10-23,"Restoran Kampus",EUR,-1.0,-1.0,,"Dining & Restaurants",
877,2025-10-23,"Restoran Kampus",EUR,-2.64,-2.64,,"Dining & Restaurants",
878,2025-10-23,"Restoran Kampus",EUR,-0.88,-0.88,,"Dining & Restaurants",
879,2025-10-23,Studenac,EUR,-1.85,-1.85,,"Dining & Restaurants",
880,2025-10-24,"Restoran Kampus",EUR,-1.7,-1.7,,"Dining & Restaurants",
881,2025-10-25,"Rijeka Trans",EUR,-2.9,-2.9,,Other,
882,2025-10-26,"SPAR Food & Fuel",EUR,-1.4,-1.4,,Groceries,
883,2025-10-26,PayPal,EUR,-2.26,-2.26,,Other,
884,2025-10-27,"Restoran Kampus",EUR,-1.22,-1.22,,"Dining & Restaurants",
885,2025-10-27,Mlinar,EUR,-2.5,-2.5,,"Dining & Restaurants",
886,2025-10-27,"Rijeka Trans",EUR,-30.02,-30.02,,Transportation,
887,2025-10-27,"Dante Bar",EUR,-2.3,-2.3,,"Dining & Restaurants",
888,2025-10-28,"Restoran Kampus",EUR,-1.39,-1.39,,"Dining & Restaurants",
889,2025-10-28,Tedi,EUR,-1.55,-1.55,,Other,
890,2025-10-28,"Restoran Kampus",EUR,-0.79,-0.79,,"Dining & Restaurants",
891,2025-10-28,"Restoran Kampus",EUR,-0.73,-0.73,,"Dining & Restaurants",
892,2025-10-28,"Restoran Kampus",EUR,-0.5,-0.5,,"Dining & Restaurants",
893,2025-10-28,"SPAR Food & Fuel",EUR,-1.98,-1.98,,Groceries,
894,2025-10-30,"Transfer from ARTUR NASIROV",EUR,20.0,20.0,,Income,
895,2025-10-30,Bmove,EUR,-0.8,-0.8,,Transportation,
896,2025-10-30,"Pekarna Dafina",EUR,-4.6,-4.6,,"Dining & Restaurants",
897,2025-10-30,"Restoran Kampus",EUR,-1.43,-1.43,,"Dining & Restaurants",
898,2025-10-30,Index,EUR,-1.82,-1.82,,"Dining & Restaurants",
899,2025-10-30,"462765XXXXXX9899, RIJEKA TRANS KUKULJANOVO",EUR,-20.03,-20.03,,Transportation,
900,2025-10-31,INA,EUR,-17.53,-17.53,,Transportation,
901,2025-10-31,"Dante Bar",EUR,-2.3,-2.3,,"Dining & Restaurants",
902,2025-10-31,"Naplata naknade za vođenje računa",EUR,-3.0,-3.0,,Other,
903,2025-10-04,"Vine on festival",EUR,-13.0,-13.0,,Other,
904,2025-10-08,"Кофе боннавія",EUR,-3.0,-3.0,,Coffee,
905,2025-10-09,"Кофе боннавія",EUR,-3.0,-3.0,,Coffee,
906,2025-10-14,"Кофе боннавія",EUR,-3.0,-3.0,,Coffee,
907,2025-10-20,"Кофе боннавія",EUR,-3.0,-3.0,,Coffee,
908,2025-10-22,"Кофе боннавія",EUR,-3.0,-3.0,,Coffee,
909,2025-10-23,"Кофе боннавія",EUR,-3.0,-3.0,,Coffee,
910,2025-10-24,"Кофе боннавія",EUR,-3.0,-3.0,,Coffee,
911,2025-10-28,"Кофе боннавія",EUR,-3.0,-3.0,,Coffee,
912,2025-10-01,"Гараж",EUR,-293.0,-293.0,,Investments,
913,2025-10-01,"Гараж",EUR,100.0,100.0,,Income,
914,2025-09-01,Mlinar,EUR,-3.36,-3.36,,"Dining & Restaurants",
915,2025-09-01,Plodine,EUR,-2.76,-2.76,,Groceries,
916,2025-09-01,"Naplata naknade za vođenje računa",EUR,-3.0,-3.0,,Other,
917,2025-09-01,"U17357273 Dmytro Semeniuk",EUR,-50.0,-50.0,,Investments,
918,2025-09-01,Lidl,EUR,-4.86,-4.86,,Groceries,
919,2025-09-02,INA,EUR,-20.01,-20.01,,Transportation,
920,2025-09-02,"SPAR Food & Fuel",EUR,-0.85,-0.85,,Groceries,
921,2025-09-03,AliExpress,EUR,-8.64,-8.64,,Groceries,
922,2025-09-04,Chatgpt,EUR,-18.4,-18.4,,"Entertainment & Subscriptions",
923,2025-09-05,"GOOGLE *YouTubePremium",EUR,-3.06,-3.06,,"Entertainment & Subscriptions",
924,2025-09-05,"UBER * EATS PENDING",EUR,-18.64,-18.64,,Travelling,
925,2025-09-06,"PRTMN *KYIVSTAR T",EUR,-2.05,-2.05,,Other,
926,2025-09-07,Apple,EUR,-2.99,-2.99,,"Entertainment & Subscriptions",
927,2025-09-09,Lidl,EUR,-3.09,-3.09,,Groceries,
928,2025-09-11,"Gavranović",EUR,-1.65,-1.65,,Groceries,
929,2025-09-11,Mlinar,EUR,-1.3,-1.3,,"Dining & Restaurants",
930,2025-09-11,Apple,EUR,-6.49,-6.49,,"Entertainment & Subscriptions",
931,2025-09-12,Kaufland,EUR,-5.64,-5.64,,Groceries,
932,2025-09-15,Bmove,EUR,-1.6,-1.6,,Transportation,
933,2025-09-15,Bmove,EUR,-0.6,-0.6,,Transportation,
934,2025-09-15,Pu51000rijeka,EUR,-15.5,-15.5,,Other,"Посилка словенцу"
935,2025-09-15,"Dante Bar",EUR,-2.3,-2.3,,Coffee,
936,2025-09-15,FlixBus,EUR,-25.98,-25.98,,Travelling,
937,2025-09-15,"SPAR Food & Fuel",EUR,-1.58,-1.58,,Groceries,
938,2025-09-15,"SPAR Food & Fuel",EUR,-2.94,-2.94,,Groceries,
939,2025-09-16,"Restoran Kampus",EUR,-1.88,-1.88,,"Dining & Restaurants",
940,2025-09-17,Mlinar,EUR,-1.3,-1.3,,"Dining & Restaurants",
941,2025-09-17,"Restoran Kampus",EUR,-1.41,-1.41,,"Dining & Restaurants",
942,2025-09-17,Airbnb,EUR,-86.25,-86.25,,Travelling,"Житло"
943,2025-09-17,"Gavranović",EUR,-1.49,-1.49,,Groceries,
944,2025-09-17,INA,EUR,-20.08,-20.08,,Transportation,
945,2025-09-18,Bmove,EUR,-1.0,-1.0,,Transportation,
946,2025-09-19,"Gavranović",EUR,-2.79,-2.79,,Groceries,
947,2025-09-19,Plodine,EUR,-0.44,-0.44,,Groceries,
948,2025-09-19,"Restoran Kampus",EUR,-0.95,-0.95,,"Dining & Restaurants",
949,2025-09-19,"dm drogerie",EUR,-1.75,-1.75,,Other,
950,2025-09-20,"Rijeka Trans",EUR,-30.02,-30.02,,Transportation,
951,2025-09-20,"KEKS Pay",EUR,-2.3,-2.3,,Coffee,
952,2025-09-20,"SPAR Food & Fuel",EUR,-1.09,-1.09,,Groceries,
953,2025-09-21,Arriva,EUR,-11.1,-11.1,,Travelling,
954,2025-09-22,"Transfer to ARTUR NASIROV",EUR,-1.0,-1.0,,Other,
955,2025-09-22,"SPAR Food & Fuel",EUR,-4.37,-4.37,,Groceries,
956,2025-09-22,"Rijeka Trans",EUR,-5.8,-5.8,,Other,
957,2025-09-22,"Restoran Kampus",EUR,-1.31,-1.31,,"Dining & Restaurants",
958,2025-09-22,"Restoran Kampus",EUR,-1.37,-1.37,,"Dining & Restaurants",
959,2025-09-22,"Transfer to ARTUR NASIROV",EUR,-1.0,-1.0,,Other,
960,2025-09-22,"Transfer to ARTUR NASIROV",EUR,-1.0,-1.0,,Other,
961,2025-09-22,"KEKS Pay",EUR,-2.9,-2.9,,Coffee,
962,2025-09-22,FlixBus,EUR,-5.49,-5.49,,Travelling,
963,2025-09-23,"Budapesti Közlekedési Központ - BKK",EUR,-14.83,-14.83,,Travelling,
964,2025-09-23,"Körforgalom-Mix Abc Kft.",EUR,-3.46,-3.46,,Travelling,
965,2025-09-23,"Manna ABC",EUR,-1.8,-1.8,,Travelling,
966,2025-09-24,Spar,EUR,-2.44,-2.44,,Travelling,
967,2025-09-24,Starbucks,EUR,-6.22,-6.22,,Travelling,
968,2025-09-24,Spar,EUR,-2.1,-2.1,,Travelling,
969,2025-09-24,"Manna ABC",EUR,-2.44,-2.44,,Travelling,
970,2025-09-25,"Noiret Biliárd & Darts Szalon",EUR,-5.86,-5.86,,Travelling,
971,2025-09-25,FlixBus,EUR,-28.47,-28.47,,Travelling,
972,2025-09-25,"Duna Főnix Kft.",EUR,-15.18,-15.18,,Travelling,
973,2025-09-25,"Fortissimo Media",EUR,-1.03,-1.03,,Travelling,
974,2025-09-25,"McDonald's",EUR,-6.04,-6.04,,Travelling,
975,2025-09-25,Spar,EUR,-2.06,-2.06,,Travelling,
976,2025-09-25,Spar,EUR,-0.76,-0.76,,Travelling,
977,2025-09-25,Lidl,EUR,-4.17,-4.17,,Travelling,
978,2025-09-26,Spar,EUR,-3.01,-3.01,,Travelling,
979,2025-09-26,"Fitzkey Kurtoskalacs",EUR,-2.57,-2.57,,Travelling,
980,2025-09-26,Tesco,EUR,-1.67,-1.67,,Travelling,
981,2025-09-26,"Anytime Bar & Entertainment",EUR,-3.73,-3.73,,Travelling,
982,2025-09-26,Davtom,EUR,-1.17,-1.17,,Travelling,
983,2025-09-26,Wolt,EUR,-6.73,-6.73,,Travelling,
984,2025-09-26,PayPal,EUR,-2.22,-2.22,,Other,
985,2025-09-26,"Pizza Hut",EUR,-6.92,-6.92,,Travelling,
986,2025-09-27,Spar,EUR,-3.73,-3.73,,Travelling,
987,2025-09-27,Spar,EUR,-2.75,-2.75,,Travelling,
988,2025-09-27,"Budapesti Közlekedési Központ - BKK",EUR,-1.29,-1.29,,Travelling,
989,2025-09-27,"M7 Group",EUR,-0.52,-0.52,,Travelling,
990,2025-09-27,Klarna,EUR,-0.78,-0.78,,Other,
991,2025-09-27,"McDonald's",EUR,-4.44,-4.44,,Travelling,
992,2025-09-29,"Restoran Kampus",EUR,-1.45,-1.45,,"Dining & Restaurants",
993,2025-09-29,"KEKS Pay",EUR,-2.3,-2.3,,Coffee,
994,2025-09-29,"McDonald's",EUR,-2.6,-2.6,,"Dining & Restaurants",
995,2025-09-29,Plodine,EUR,-1.1,-1.1,,Groceries,
996,2025-09-30,"SPAR Food & Fuel",EUR,-2.18,-2.18,,Groceries,
997,2025-09-30,INA,EUR,-20.2,-20.2,,Transportation,
998,2025-09-01,"Bonnavia coffee",EUR,-3.0,-3.0,,Coffee,
999,2025-09-09,"Bonnavia coffee",EUR,-3.0,-3.0,,Coffee,
1000,2025-09-10,"Bonnavia coffee",EUR,-3.0,-3.0,,Coffee,
1001,2025-09-11,"Bonnavia coffee",EUR,-3.0,-3.0,,Coffee,
1002,2025-09-12,"Кебаб в загребі",EUR,-7.0,-7.0,,"Dining & Restaurants",
1003,2025-09-16,"Bonnavia coffee",EUR,-3.0,-3.0,,Coffee,
1004,2025-09-17,"Bonnavia coffee",EUR,-3.0,-3.0,,Coffee,
1005,2025-09-29,Haircut,EUR,-10.0,-10.0,,Other,
1006,2025-12-01,"Naplata naknade za vođenje računa",EUR,-1.07,-1.07,None,Other,
1007,2025-12-01,"Moire Student Shop",EUR,-0.9,-0.9,None,Other,
1008,2025-12-01,"Caffe Bar Formula",EUR,-1.35,-1.35,None,Coffee,
1009,2025-12-01,"Restoran Kampus",EUR,-1.25,-1.25,None,"Dining & Restaurants",
1010,2025-12-01,"Restoran Kampus",EUR,-0.5,-0.5,None,"Dining & Restaurants",
1011,2025-12-01,"Restoran Kampus",EUR,-0.79,-0.79,None,"Dining & Restaurants",
1012,2025-12-01,"Restoran Kampus",EUR,-1.16,-1.16,None,"Dining & Restaurants",
1013,2025-12-01,"Transfer from ARTUR NASIROV",EUR,20.0,20.0,None,Income,
1014,2025-12-02,"U17357273 Dmytro Semeniuk",EUR,-50.0,-50.0,None,Investments,
1015,2025-12-02,"SPAR Food & Fuel",EUR,-2.38,-2.38,None,Groceries,
1016,2025-12-02,INA,EUR,-25.08,-25.08,None,Transportation,
1017,2025-12-02,"Dante Bar",EUR,-2.3,-2.3,None,Coffee,
1018,2025-12-02,"Restoran Kampus",EUR,-1.03,-1.03,None,"Dining & Restaurants",
1019,2025-12-02,"Restoran Kampus",EUR,-0.46,-0.46,None,"Dining & Restaurants",
1020,2025-12-02,"Restoran Kampus",EUR,-1.49,-1.49,None,"Dining & Restaurants",
1021,2025-12-03,"Transfer from ARTUR NASIROV",EUR,10.0,10.0,None,Income,
1022,2025-12-03,"Transfer to ARTUR NASIROV",EUR,-5.0,-5.0,None,Other,
1023,2025-12-03,"SPAR Food & Fuel",EUR,-0.39,-0.39,None,Groceries,
1024,2025-12-03,"SPAR Food & Fuel",EUR,-6.87,-6.87,None,Groceries,
1025,2025-12-03,"Restoran Kampus",EUR,-1.69,-1.69,None,"Dining & Restaurants",
1026,2025-12-04,"Caffe Bar Formula",EUR,-1.35,-1.35,None,Coffee,
1027,2025-12-04,"Restoran Kampus",EUR,-1.21,-1.21,None,"Dining & Restaurants",
1028,2025-12-04,"Kiko Tower Rijeka",EUR,-20.0,-20.0,None,Other,"Подарок мамі"
1029,2025-12-04,"Restoran Kampus",EUR,-0.99,-0.99,None,"Dining & Restaurants",
1030,2025-12-04,Chatgpt,EUR,-18.4,-18.4,None,"Entertainment & Subscriptions",
1031,2025-12-05,YouTube,EUR,-2.99,-2.99,None,"Entertainment & Subscriptions",
1032,2025-12-06,"Київстар",EUR,-2.0,-2.0,None,Home,
1033,2025-12-06,"Boulangerie L' ARTISAN B.",EUR,-9.4,-9.4,None,Travelling,
1034,2025-12-06,"Lignes D'Azur",EUR,-5.4,-5.4,None,Travelling,
1035,2025-12-06,"Lignes D'Azur",EUR,-3.4,-3.4,None,Travelling,
1036,2025-12-06,Starbucks,EUR,-7.4,-7.4,None,Coffee,
1037,2025-12-07,Apple,EUR,-2.99,-2.99,None,"Entertainment & Subscriptions",
1038,2025-12-08,"Transfer from ARTUR NASIROV",EUR,20.0,20.0,None,Income,
1039,2025-12-08,"Restoran Kampus",EUR,-1.93,-1.93,None,"Dining & Restaurants",
1040,2025-12-08,"Restoran Kampus",EUR,-1.17,-1.17,None,"Dining & Restaurants",
1041,2025-12-09,Bmove,EUR,-0.8,-0.8,None,Transportation,
1042,2025-12-09,Tisak,EUR,-1.39,-1.39,None,Other,
1043,2025-12-09,Index,EUR,-1.0,-1.0,None,"Dining & Restaurants",
1044,2025-12-09,Index,EUR,-1.58,-1.58,None,"Dining & Restaurants",
1045,2025-12-09,"Restoran Kampus",EUR,-2.41,-2.41,None,"Dining & Restaurants",
1046,2025-12-10,Mlinar,EUR,-1.3,-1.3,None,"Dining & Restaurants",
1047,2025-12-10,Bmove,EUR,-0.8,-0.8,None,Transportation,
1048,2025-12-10,"Restoran Kampus",EUR,-1.4,-1.4,None,"Dining & Restaurants",
1049,2025-12-10,INA,EUR,-5.88,-5.88,None,Transportation,
1050,2025-12-11,"Restoran Kampus",EUR,-1.43,-1.43,None,"Dining & Restaurants",
1051,2025-12-11,"Restoran Kampus",EUR,-0.74,-0.74,None,"Dining & Restaurants",
1052,2025-12-11,Bmove,EUR,-0.8,-0.8,None,Transportation,
1053,2025-12-11,Apple,EUR,-6.49,-6.49,None,"Entertainment & Subscriptions",
1054,2025-12-11,"Transfer from ARTUR NASIROV",EUR,20.0,20.0,None,Income,
1055,2025-12-11,Mlinar,EUR,-1.3,-1.3,None,"Dining & Restaurants",
1056,2025-12-12,"Restoran Kampus",EUR,-1.11,-1.11,None,"Dining & Restaurants",
1057,2025-12-13,Mlinar,EUR,-3.2,-3.2,None,"Dining & Restaurants",
1058,2025-12-14,"KEKS Pay",EUR,-2.3,-2.3,None,"Dining & Restaurants",
1059,2025-12-15,Mlinar,EUR,-1.4,-1.4,None,"Dining & Restaurants",
1060,2025-12-15,"Transfer from ARTUR NASIROV",EUR,20.0,20.0,None,Income,
1061,2025-12-15,Index,EUR,-0.91,-0.91,None,"Dining & Restaurants",
1062,2025-12-15,"Restoran Kampus",EUR,-0.88,-0.88,None,"Dining & Restaurants",
1063,2025-12-16,Bmove,EUR,-0.8,-0.8,None,Transportation,
1064,2025-12-16,"Restoran Kampus",EUR,-1.53,-1.53,None,"Dining & Restaurants",
1065,2025-12-16,"Caffe Bar Formula",EUR,-1.6,-1.6,None,Coffee,
1066,2025-12-17,"Rijeka Trans",EUR,-20.03,-20.03,None,Transportation,
1067,2025-12-17,Index,EUR,-1.04,-1.04,None,"Dining & Restaurants",
1068,2025-12-17,"Restoran Kampus",EUR,-0.74,-0.74,None,"Dining & Restaurants",
1069,2025-12-18,Bmove,EUR,-0.8,-0.8,None,Transportation,
1070,2025-12-18,Bmove,EUR,-0.8,-0.8,None,Transportation,
1071,2025-12-18,Index,EUR,-1.09,-1.09,None,"Dining & Restaurants",
1072,2025-12-18,"Restoran Kampus",EUR,-1.05,-1.05,None,"Dining & Restaurants",
1073,2025-12-18,"Restoran Kampus",EUR,-0.99,-0.99,None,"Dining & Restaurants",
1074,2025-12-19,"Restoran Kampus",EUR,-1.1,-1.1,None,"Dining & Restaurants",
1075,2025-12-19,Mlinar,EUR,-1.4,-1.4,None,"Dining & Restaurants",
1076,2025-12-20,Petrol,EUR,-15.04,-15.04,None,Transportation,
1077,2025-12-20,Plodine,EUR,-3.85,-3.85,None,Groceries,
1078,2025-12-20,Mlinar,EUR,-3.4,-3.4,None,"Dining & Restaurants",
1079,2025-12-21,Funpay,EUR,-10.05,-10.05,None,Other,"Акаунт впабг"
1080,2025-12-21,"SPAR Food & Fuel",EUR,-2.36,-2.36,None,Groceries,
1081,2025-12-22,Petrol,EUR,-10.66,-10.66,None,Transportation,
1082,2025-12-22,"Restoran Kampus",EUR,-1.18,-1.18,None,"Dining & Restaurants",
1083,2025-12-23,"Restoran Kampus",EUR,-1.05,-1.05,None,"Dining & Restaurants",
1084,2025-12-23,"Amazon Kindle",EUR,-0.99,-0.99,None,"Education & Studying",
1085,2025-12-23,"Restoran Kampus",EUR,-0.81,-0.81,None,"Dining & Restaurants",
1086,2025-12-23,"Dante Bar",EUR,-2.3,-2.3,None,Coffee,
1087,2025-12-26,"Gyros Aristoteles",EUR,-6.2,-6.2,None,"Dining & Restaurants",
1088,2025-12-26,Petrol,EUR,-13.76,-13.76,None,Transportation,
1089,2025-12-26,"Hrvatske autoceste",EUR,-2.8,-2.8,None,Transportation,
1090,2025-12-26,"Hrvatske autoceste",EUR,-1.2,-1.2,None,Transportation,
1091,2025-12-26,Vierudgroup,EUR,-2.21,-2.21,None,Other,
1092,2025-12-26,"Transfer from ARTUR NASIROV",EUR,20.0,20.0,None,Income,
1093,2025-12-27,"Kyivstar TV",EUR,-2.79,-2.79,None,Home,
1094,2025-12-27,"SPAR Food & Fuel",EUR,-0.65,-0.65,None,Groceries,
1095,2025-12-27,Mlinar,EUR,-3.4,-3.4,None,"Dining & Restaurants",
1096,2025-12-28,"Transfer from Revolut user",EUR,0.1,0.1,None,Other,
1097,2025-12-29,"KEKS Pay",EUR,-2.3,-2.3,None,Coffee,
1098,2025-12-26,"€7 глінтвейн + €5 каток в дельніце",EUR,-12.0,-12.0,None,Travelling,
1099,2025-12-01,"Кофе боннавія",EUR,-24.0,-24.0,None,Coffee,
1100,2025-12-01,"Витрати на гараж",EUR,-150.0,-150.0,None,Other,
1101,2025-12-20,"Сухарики для Саші",EUR,-5.0,-5.0,None,Groceries,
